cgpa,num_skills,skill_score,has_dsa,has_python,has_sql,has_system_design,alumni_count,placed
6.87,7,40,0,1,1,1,1,0
5.0,8,40,1,0,0,0,0,0
6.91,8,40,0,1,1,1,2,1
8.05,5,36,1,0,1,0,6,1
5.23,3,18,0,0,1,0,1,0
5.07,2,16,0,0,0,0,2,0
6.63,5,35,0,0,0,0,1,1
9.48,3,22,0,1,1,0,4,1
7.28,2,15,0,0,0,0,3,0
5.6,3,26,1,0,0,1,2,1
8.05,4,29,0,0,0,1,2,0
7.35,8,40,1,0,0,1,0,1
6.13,4,28,1,0,1,0,1,0
9.91,4,29,0,0,0,0,7,1
6.86,7,40,1,1,0,0,1,1
8.29,4,32,0,1,0,1,4,1
8.61,2,17,0,0,0,0,3,1
7.43,3,25,1,1,0,0,4,1
9.05,5,32,0,0,1,0,0,0
6.64,2,16,1,0,0,0,3,1
5.97,3,19,0,1,0,0,2,0
5.78,2,17,0,0,0,1,1,1
6.71,1,6,0,0,1,0,3,0
8.42,4,30,1,0,1,1,5,1
6.07,3,23,0,0,0,1,2,0
8.68,5,34,0,0,1,0,4,1
8.77,1,8,0,0,0,0,4,1
8.01,4,27,0,0,0,0,1,0
7.73,5,35,0,0,0,0,2,0
9.74,8,40,1,1,0,1,0,1
5.06,3,19,0,0,1,0,1,1
5.06,7,40,0,1,0,0,3,1
9.51,0,0,0,0,0,0,3,0
7.32,3,23,0,0,0,1,2,0
9.11,7,40,0,1,0,1,3,0
9.21,5,34,0,0,0,1,5,1
6.03,2,16,0,0,0,1,4,1
5.14,5,35,0,1,0,1,1,1
7.74,3,19,0,0,1,0,1,1
6.05,4,32,1,1,1,0,4,1
6.73,3,25,0,0,0,1,2,1
9.37,6,40,1,0,1,0,2,1
7.31,5,38,1,1,0,0,2,1
6.61,2,16,1,0,1,0,0,0
7.93,5,35,0,0,0,0,3,1
6.43,2,16,0,1,0,0,4,1
8.34,6,40,0,1,1,0,1,1
7.91,2,11,0,0,0,0,2,0
5.01,1,5,0,0,0,0,3,0
8.91,5,36,0,1,1,0,3,1
8.12,4,26,0,0,1,0,0,1
5.7,5,37,0,0,0,1,1,1
8.81,6,40,0,0,0,1,4,1
9.54,4,30,1,0,0,0,0,0
8.95,0,0,0,0,0,0,3,0
5.93,5,32,0,0,0,0,1,1
6.99,4,30,1,1,0,0,1,1
9.57,3,20,0,0,0,0,1,1
7.51,4,26,0,0,0,0,3,1
7.49,5,36,1,0,1,1,1,1
8.58,4,26,0,0,1,0,2,1
8.61,6,40,0,1,0,1,2,1
8.21,5,30,0,0,1,0,3,0
7.36,2,16,0,0,0,0,2,1
8.46,4,31,0,0,0,1,2,1
8.33,2,13,0,0,0,0,1,0
7.19,6,40,1,1,0,1,0,1
7.48,4,27,0,0,0,0,2,1
9.0,4,24,0,0,0,0,2,1
8.19,8,40,1,1,1,0,2,1
5.96,1,6,0,0,0,0,2,0
7.21,3,18,0,0,0,0,3,0
5.0,2,12,0,0,0,0,5,0
6.77,2,11,0,0,0,0,3,1
7.09,6,40,1,1,1,1,2,1
9.79,5,36,0,0,0,1,1,1
9.98,6,40,1,0,0,1,1,1
5.18,3,20,0,0,0,1,0,0
8.42,1,6,0,0,1,0,8,1
9.4,6,40,0,1,0,0,1,1
8.08,8,40,1,0,1,1,3,1
8.85,7,40,1,0,0,0,3,1
5.12,0,0,0,0,0,0,2,0
9.99,3,25,1,1,0,0,2,1
9.55,6,40,0,1,0,0,2,1
7.72,2,15,0,0,0,1,4,1
5.01,4,31,0,0,0,0,2,1
9.87,5,40,1,0,0,0,0,1
5.09,3,23,1,0,1,0,1,0
9.89,2,11,0,0,0,0,3,0
9.74,4,34,1,1,0,1,3,1
8.29,3,23,0,0,0,1,1,1
6.29,3,21,0,1,0,0,2,1
8.96,4,31,0,1,0,0,2,1
8.16,3,18,0,0,0,0,2,0
6.29,4,26,0,0,1,1,2,0
7.25,4,36,1,0,0,1,3,1
5.17,8,40,0,0,1,1,0,1
8.44,3,22,0,0,1,0,1,1
5.94,5,36,0,0,0,1,3,1
8.98,6,40,0,0,1,0,0,1
8.91,4,27,0,1,0,0,4,1
8.25,3,21,0,0,0,0,1,0
8.1,3,20,0,0,0,0,0,0
7.63,2,16,0,0,0,1,1,1
9.64,1,9,0,0,0,1,3,1
7.0,7,40,0,1,1,0,4,1
9.1,6,40,1,0,1,0,1,1
9.26,4,29,0,0,1,1,3,1
8.19,2,15,0,1,0,0,3,1
8.62,4,25,0,0,1,0,2,1
8.2,2,17,0,1,0,0,4,1
7.81,7,40,1,1,1,0,1,1
8.36,1,7,0,0,0,0,0,0
6.32,3,18,0,0,1,0,5,1
9.39,6,40,1,0,0,1,2,1
7.88,3,24,0,0,0,1,1,1
6.56,4,30,0,1,0,1,1,0
8.1,2,14,0,0,1,0,2,1
9.24,5,34,0,1,0,0,0,1
7.41,0,0,0,0,0,0,2,0
6.21,7,40,0,0,1,1,1,1
9.32,2,18,0,0,0,1,0,0
9.04,1,5,0,0,0,0,2,0
5.75,5,33,0,0,1,0,0,1
7.31,8,40,1,1,1,1,1,1
5.41,4,32,1,0,1,1,3,1
9.06,4,30,1,0,0,0,3,1
5.99,6,40,0,0,1,1,5,0
9.69,0,0,0,0,0,0,1,0
9.09,2,14,0,0,0,0,0,1
5.8,4,29,0,0,1,1,3,1
8.92,4,32,1,0,0,0,4,1
8.9,2,15,0,1,0,0,1,0
9.37,4,28,0,1,0,1,2,1
8.94,4,29,1,0,1,0,5,1
7.05,5,33,0,0,1,0,5,1
7.4,3,18,0,0,0,0,1,0
5.68,5,35,0,1,0,0,2,0
5.33,3,20,0,0,1,0,1,1
8.66,4,28,0,0,0,0,1,1
9.74,7,40,0,0,1,1,2,1
7.71,5,39,1,0,0,0,4,1
7.56,5,32,0,0,1,0,2,1
9.4,6,40,1,0,1,1,1,1
8.88,7,40,1,1,1,0,4,1
8.97,3,25,1,0,0,1,1,1
9.41,5,37,0,0,0,1,1,1
7.8,4,30,0,1,1,1,0,1
6.27,5,35,0,0,0,0,2,1
7.89,5,37,0,0,1,1,1,0
6.08,3,22,0,1,0,0,1,1
8.25,6,40,1,1,0,1,3,0
5.64,5,37,1,0,1,0,3,1
6.09,1,6,0,0,1,0,1,1
5.93,1,6,0,0,1,0,0,0
9.55,4,28,0,0,0,0,4,1
7.56,1,7,0,0,0,0,0,0
6.81,3,20,0,0,0,0,2,1
9.27,0,0,0,0,0,0,3,0
6.09,3,24,0,0,0,1,2,1
9.65,2,14,0,0,0,0,4,1
9.15,0,0,0,0,0,0,3,0
7.75,6,40,1,1,1,0,1,1
9.57,4,30,0,1,0,1,4,1
9.04,2,14,0,1,0,0,1,1
7.23,5,40,1,1,1,1,2,1
8.81,7,40,1,1,1,0,4,1
5.84,7,40,1,1,1,1,1,1
9.18,3,22,0,0,0,1,2,1
6.7,4,31,0,0,0,1,1,1
7.79,3,21,0,0,1,0,1,1
7.31,5,37,0,0,0,1,2,1
8.4,3,21,0,0,0,0,2,1
7.21,4,30,0,0,0,1,3,1
5.31,6,40,0,1,0,1,0,1
6.79,5,40,1,1,0,1,0,1
5.03,7,40,1,0,1,1,1,0
7.75,4,32,1,0,0,0,1,0
7.01,2,14,0,0,0,0,0,0
7.08,5,39,1,0,0,1,1,1
5.6,6,40,1,1,1,1,0,0
8.92,5,36,1,0,0,0,1,0
6.57,5,40,1,0,0,1,2,1
5.02,2,17,0,0,0,1,1,0
6.8,7,40,1,1,1,1,1,1
8.6,3,23,0,0,0,0,1,1
8.22,3,23,0,0,0,1,3,1
6.21,6,40,1,0,0,1,2,1
8.39,3,22,0,0,0,1,2,0
6.12,4,29,0,1,1,0,3,1
6.23,3,19,0,0,1,0,2,1
8.1,6,40,0,1,1,0,3,1
9.65,3,26,1,0,0,1,2,1
9.03,3,22,0,0,0,0,4,1
9.77,4,33,0,1,0,1,4,1
9.84,3,24,1,0,1,0,4,1
9.04,2,17,0,0,0,1,0,1
6.99,6,40,1,0,1,1,0,1
9.96,3,19,0,0,1,0,0,1
6.1,0,0,0,0,0,0,0,0
9.75,4,29,0,1,1,0,3,1
9.12,6,40,1,1,1,0,0,1
9.05,5,39,1,1,1,0,0,1
9.66,3,22,0,0,0,0,1,1
8.65,7,40,0,1,0,1,2,1
9.51,5,33,0,0,0,0,1,0
5.21,2,14,0,0,0,0,5,0
8.47,5,38,0,0,1,1,0,1
7.75,3,23,1,0,0,0,2,1
7.51,5,36,0,0,1,0,2,0
5.79,3,18,0,0,0,0,2,0
5.1,3,22,0,0,0,0,1,0
5.36,2,19,1,0,0,1,0,0
6.38,3,21,0,0,0,0,3,0
7.42,2,16,0,0,0,0,0,0
8.48,3,24,0,1,0,1,3,1
6.07,7,40,0,1,0,1,4,1
8.09,5,40,1,0,0,1,2,1
7.95,4,26,0,0,1,0,1,1
5.08,1,6,0,0,0,0,6,0
7.61,1,7,0,0,0,0,1,1
7.06,6,40,1,1,0,0,3,1
7.35,0,0,0,0,0,0,1,0
5.06,3,20,0,0,0,0,2,0
7.58,4,27,0,0,0,0,1,0
6.59,6,40,1,0,0,1,2,0
6.92,3,18,0,0,0,0,2,1
9.41,1,6,0,0,1,0,1,1
9.93,3,19,0,0,1,0,3,1
8.03,1,6,0,0,1,0,6,0
9.41,5,40,0,0,0,1,2,1
9.41,3,22,0,1,0,0,1,1
9.02,3,23,0,1,0,0,4,1
8.31,3,26,1,0,0,1,2,1
5.85,2,12,0,0,0,0,3,1
8.56,3,26,0,1,0,1,2,0
7.16,4,27,0,0,0,0,3,1
9.11,3,21,0,0,0,1,1,1
5.19,4,30,0,1,0,0,9,1
7.86,3,22,0,0,0,0,0,0
7.56,0,0,0,0,0,0,3,0
8.19,5,35,1,1,1,0,3,1
5.27,3,21,0,1,0,0,3,1
8.18,4,28,0,0,0,1,0,1
8.43,6,40,0,0,1,0,1,1
8.51,1,8,0,0,0,0,2,0
5.15,6,40,0,1,0,0,3,1
8.95,3,24,0,1,0,0,3,1
6.16,1,6,0,0,0,0,0,1
6.36,1,5,0,0,0,0,0,0
5.28,3,25,1,0,0,0,0,0
8.83,7,40,0,1,1,0,2,1
5.63,2,13,0,0,0,0,4,0
9.27,2,15,0,0,0,0,2,1
5.88,4,29,0,1,0,0,1,1
6.16,2,13,0,0,0,0,1,0
8.8,4,28,0,0,0,1,2,1
6.39,6,40,1,0,0,1,3,1
7.84,4,25,0,0,0,0,3,1
5.15,7,40,1,0,0,1,2,1
8.39,4,31,1,0,0,0,3,1
5.31,1,8,0,1,0,0,6,0
7.01,6,40,1,1,1,1,2,1
8.67,4,28,0,0,0,0,3,1
7.83,4,30,0,0,1,1,2,0
6.07,1,6,0,0,0,0,3,1
8.91,2,12,0,0,0,0,1,1
8.73,1,5,0,0,0,0,2,0
6.92,3,22,0,0,0,0,0,0
7.04,2,13,0,0,0,0,3,1
9.17,5,34,0,0,1,1,0,0
5.91,2,12,0,0,0,0,4,1
7.66,4,31,0,1,0,1,2,1
6.37,6,40,1,0,0,1,3,1
8.9,8,40,1,0,1,1,4,1
7.83,3,24,1,0,1,0,1,0
9.63,3,21,0,0,0,1,2,1
6.99,7,40,1,1,1,0,1,1
5.45,2,15,0,0,0,0,3,0
6.48,6,40,1,1,0,0,2,1
5.56,4,34,1,1,0,0,1,0
9.95,0,0,0,0,0,0,2,1
7.54,4,29,0,0,1,0,3,0
5.2,6,40,0,0,1,1,4,1
7.88,3,21,0,0,0,0,0,1
9.25,0,0,0,0,0,0,2,0
5.07,1,9,0,0,0,1,4,0
5.12,3,21,0,0,0,0,4,1
8.78,1,8,0,0,0,0,1,1
9.07,6,40,0,1,0,1,2,1
6.92,4,29,0,0,0,1,5,1
6.63,3,24,0,0,0,1,5,1
5.13,2,14,0,1,0,0,1,1
8.26,5,38,1,1,0,0,2,0
7.65,5,40,1,0,0,0,3,1
7.92,7,40,1,0,0,0,2,1
7.21,4,31,1,0,0,0,2,0
6.49,2,19,1,0,0,0,3,1
7.83,6,39,0,0,1,1,1,1
8.15,5,33,0,0,1,0,3,1
6.71,6,40,0,0,1,1,3,1
5.24,5,35,0,0,1,0,2,1
7.08,0,0,0,0,0,0,1,0
9.12,5,35,0,1,1,0,2,1
9.42,2,13,0,0,0,0,1,1
8.89,5,33,0,0,0,0,1,1
7.59,2,13,0,0,0,0,0,0
8.35,4,31,1,0,1,0,3,1
8.99,4,34,1,1,0,1,3,1
9.89,2,14,0,0,0,1,2,1
7.74,3,21,0,1,0,0,4,1
7.42,3,20,0,0,1,1,1,1
6.31,4,28,0,0,1,0,2,1
5.03,3,21,0,0,0,1,2,1
7.47,1,10,1,0,0,0,1,0
6.23,3,22,0,0,0,0,1,1
8.25,4,30,1,0,1,0,4,1
6.04,1,6,0,0,0,0,2,0
8.1,5,34,0,0,1,0,2,1
8.63,3,23,0,1,0,0,3,1
5.91,7,40,1,0,1,1,4,1
6.37,6,40,1,0,0,1,1,1
6.18,7,40,1,0,0,1,2,1
9.8,2,12,0,0,1,0,5,1
5.71,3,19,0,1,0,0,2,1
5.66,7,40,1,0,0,1,3,1
7.98,3,23,0,0,0,1,2,1
7.98,8,40,0,1,1,1,0,1
5.34,5,39,0,0,1,1,2,1
9.97,2,14,0,0,0,0,3,0
7.42,8,40,1,0,0,1,2,1
6.17,5,39,1,0,0,0,1,1
9.38,6,40,1,0,1,0,4,1
6.63,0,0,0,0,0,0,1,0
5.7,3,20,0,0,0,0,6,1
8.5,2,12,0,0,0,0,2,1
8.67,4,27,0,0,1,0,2,1
5.96,1,6,0,0,1,0,5,0
9.84,4,35,1,0,0,1,0,1
6.71,4,29,0,0,0,0,1,1
9.06,3,21,0,0,0,0,2,1
9.58,3,21,1,0,1,0,1,1
8.12,5,37,1,0,1,0,2,1
9.7,4,31,1,0,0,0,2,1
6.46,5,36,0,1,1,0,3,1
5.62,2,13,0,0,1,0,5,1
7.49,2,11,0,0,0,0,0,0
8.4,2,13,0,0,0,0,6,1
5.46,4,34,1,0,0,0,1,1
9.49,4,31,0,0,0,1,1,1
9.07,2,15,0,1,0,0,2,0
9.18,6,40,1,0,0,0,1,1
8.75,3,24,1,0,0,0,0,0
9.17,1,7,0,0,0,0,2,0
5.5,5,31,0,0,1,0,2,1
5.85,1,7,0,0,0,0,1,0
9.53,5,38,0,1,0,1,2,1
5.96,5,36,0,1,1,1,1,0
9.98,3,20,0,0,0,0,1,1
6.51,0,0,0,0,0,0,2,1
5.93,3,24,0,0,0,0,1,1
6.55,3,22,1,0,0,0,2,1
8.27,2,13,0,0,0,0,1,0
9.42,2,18,1,0,0,0,0,1
6.84,7,40,1,1,1,1,3,1
8.78,4,28,0,0,1,1,2,1
9.29,3,19,0,1,1,0,0,1
9.1,0,0,0,0,0,0,2,0
8.53,4,31,0,0,0,1,0,1
8.03,3,24,0,0,0,1,4,0
7.54,3,23,0,0,0,0,3,1
8.65,3,22,0,0,0,1,1,1
6.29,3,21,0,0,0,1,1,0
9.27,3,23,0,1,0,1,3,1
8.91,3,23,0,0,0,1,1,0
7.56,5,35,0,0,1,1,3,0
9.83,3,23,0,1,0,1,1,0
8.56,0,0,0,0,0,0,4,0
9.25,3,21,0,1,0,0,1,1
7.3,2,15,0,0,0,0,2,1
8.61,0,0,0,0,0,0,1,1
9.36,3,26,0,0,0,1,1,1
8.18,8,40,1,1,0,1,3,1
8.05,6,40,0,0,0,0,4,1
7.52,3,19,0,0,0,0,3,1
9.17,4,27,0,0,0,1,2,1
5.52,1,6,0,0,0,0,2,0
9.5,1,6,0,0,1,0,3,1
8.48,5,34,0,1,0,1,0,1
9.91,6,40,1,1,0,0,4,1
9.57,8,40,0,1,0,0,0,1
5.7,5,36,0,1,0,1,1,0
6.67,2,13,0,0,0,0,5,0
9.74,3,23,0,0,0,1,1,1
9.47,4,27,0,0,1,0,2,1
6.61,5,38,1,1,0,0,2,1
5.88,2,12,0,0,0,0,2,0
9.16,3,19,0,1,1,0,2,0
5.52,4,28,0,1,0,0,1,1
5.72,1,8,0,0,0,0,1,0
6.83,2,13,0,0,0,0,2,0
7.34,4,29,1,0,1,0,3,1
7.25,7,40,0,0,1,0,0,1
6.75,3,25,1,0,1,0,2,1
5.04,5,35,0,0,1,1,3,1
6.36,5,40,1,1,0,0,1,1
8.93,2,13,0,0,0,0,0,0
6.5,0,0,0,0,0,0,3,1
5.77,4,27,0,1,0,0,2,1
6.72,0,0,0,0,0,0,4,1
5.73,6,40,0,0,1,1,2,1
5.26,5,32,0,0,1,0,1,1
5.41,2,18,1,1,0,0,0,0
5.5,4,24,0,0,1,0,3,1
9.83,2,15,0,0,0,0,0,0
5.12,3,23,0,1,0,1,1,0
5.04,4,29,1,0,0,0,1,0
9.05,3,25,1,0,0,0,2,1
9.84,1,9,0,0,0,1,0,1
5.22,1,9,0,0,0,1,2,0
8.83,3,19,0,0,1,0,2,1
6.27,5,37,0,0,0,1,3,1
5.64,5,35,0,0,1,1,2,1
7.26,1,7,0,0,0,0,3,1
9.16,3,25,0,0,0,1,2,1
5.85,3,20,0,0,0,0,1,1
6.03,5,39,1,0,0,1,4,1
7.14,2,15,0,0,0,0,0,0
8.64,4,28,0,0,0,1,3,1
5.51,3,24,1,1,0,0,1,0
9.73,4,30,0,0,0,1,4,1
9.44,1,5,0,0,0,0,1,0
7.81,2,13,0,0,0,0,0,0
5.45,2,13,0,0,0,0,0,0
8.25,1,7,0,0,0,0,2,1
6.87,2,15,0,1,0,0,0,0
5.02,4,35,1,1,0,0,1,0
8.7,5,39,1,1,0,0,1,1
9.59,4,29,0,0,0,0,1,1
8.19,3,18,0,0,1,0,2,1
7.84,6,40,1,0,1,0,4,1
5.09,5,40,1,0,0,1,5,1
6.57,1,6,0,0,0,0,2,0
5.26,0,0,0,0,0,0,3,0
7.3,2,16,0,1,0,0,2,0
5.88,0,0,0,0,0,0,1,0
9.6,3,20,0,0,1,1,2,0
9.15,4,30,0,1,0,0,0,0
8.66,4,28,0,0,0,1,1,1
9.25,3,19,0,0,1,0,0,1
6.0,3,25,1,1,0,0,1,0
9.74,5,35,0,0,0,0,1,1
5.11,5,37,0,1,0,1,1,0
5.16,3,22,0,1,0,1,6,1
8.98,4,27,0,0,0,0,2,1
7.46,7,40,1,0,1,0,2,1
9.92,5,36,0,0,1,0,2,1
9.27,4,30,0,1,1,1,4,1
5.58,3,23,0,1,0,0,1,1
9.84,2,14,0,0,0,0,2,1
6.42,6,40,1,0,0,1,0,1
6.71,5,32,0,0,1,0,4,1
6.25,3,23,0,0,0,0,3,0
7.62,1,10,1,0,0,0,0,0
6.86,4,32,1,0,0,0,1,1
8.72,3,22,0,0,0,0,2,1
6.32,5,37,1,1,0,0,2,1
5.33,5,37,0,0,1,1,3,1
6.23,1,5,0,0,0,0,0,0
7.65,3,24,1,1,1,0,2,1
6.52,0,0,0,0,0,0,0,0
7.03,6,40,0,0,1,0,1,1
7.34,4,28,0,0,0,0,1,0
9.04,3,18,0,0,1,0,0,1
9.97,4,31,0,0,0,1,0,1
9.18,4,30,0,0,0,1,3,1
5.25,4,26,0,1,0,0,3,0
8.89,7,40,1,0,0,1,2,1
7.68,5,35,0,0,1,0,0,1
9.04,4,32,1,0,0,1,3,1
8.38,3,24,0,1,0,1,3,1
9.55,2,13,0,0,0,0,0,1
9.55,4,31,1,1,0,0,1,1
9.79,4,27,0,0,0,0,0,0
5.02,7,40,1,0,1,0,4,1
7.11,2,17,0,0,0,1,4,1
6.9,6,40,0,1,0,1,1,1
9.31,4,26,0,0,0,0,2,1
7.83,5,35,0,0,1,1,1,1
7.54,3,22,0,0,0,1,2,1
5.19,2,14,0,0,0,1,0,0
6.84,6,40,1,0,0,1,3,1
6.75,3,22,0,0,0,1,1,1
6.21,1,10,1,0,0,0,1,0
5.05,5,40,0,1,0,1,1,0
5.39,4,28,0,0,1,0,1,1
7.02,3,25,1,1,0,0,2,1
7.52,2,13,0,0,0,0,0,0
5.19,8,40,1,0,1,0,3,0
9.98,2,15,0,1,0,0,1,0
8.51,1,6,0,0,0,0,1,0
9.56,4,31,0,0,0,1,0,0
8.6,5,35,0,0,0,0,2,1
6.44,5,34,1,0,0,0,4,1
9.81,4,27,0,0,0,0,2,1
7.51,4,32,0,0,0,1,4,0
5.92,2,12,0,0,1,0,1,0
5.51,0,0,0,0,0,0,3,0
6.72,4,30,1,0,0,0,5,1
6.42,0,0,0,0,0,0,2,1
6.33,6,40,1,0,1,0,2,1
8.72,1,8,0,1,0,0,5,1
9.64,7,40,0,0,1,1,3,1
9.01,4,29,1,0,1,0,1,1
8.34,7,40,1,0,1,0,1,1
6.07,5,40,0,1,0,1,2,1
7.45,4,30,0,1,0,0,0,1
9.92,1,7,0,0,0,0,2,1
8.47,4,29,1,0,1,0,0,1
5.87,8,40,1,1,1,0,1,1
8.69,5,38,1,0,0,0,2,1
8.35,7,40,1,0,1,1,2,1
6.95,3,21,0,0,0,0,1,1
9.09,5,39,0,0,1,1,6,1
7.29,4,30,0,0,1,1,2,1
6.92,5,36,0,0,0,1,0,1
5.7,4,32,1,0,1,0,6,1
5.85,2,17,0,0,0,1,3,1
9.42,4,30,0,1,0,1,3,1
8.29,7,40,1,0,1,0,0,1
8.51,5,32,0,0,1,0,4,0
8.02,1,5,0,0,0,0,4,1
9.47,6,40,1,1,0,1,5,1
5.6,4,35,1,0,0,1,5,1
8.93,3,22,1,0,0,0,2,1
6.6,5,35,0,0,1,0,2,1
5.2,4,31,0,1,0,1,0,0
6.66,3,20,0,0,0,0,0,1
8.58,4,30,0,1,0,0,1,1
9.18,3,19,0,0,1,0,2,1
7.5,2,18,0,0,0,1,2,1
9.22,6,40,0,0,0,1,0,1
6.63,3,20,0,0,0,0,0,0
5.89,1,6,0,0,0,0,2,0
8.63,4,25,0,0,1,0,1,1
9.08,6,40,0,0,0,0,0,1
8.12,2,14,0,0,0,0,2,1
7.19,7,40,1,1,0,0,0,1
7.14,4,34,1,0,0,1,0,1
9.93,3,22,0,0,1,1,3,1
5.35,4,27,0,0,0,0,3,1
7.07,2,13,0,0,0,0,2,1
9.16,3,22,0,1,1,0,4,1
5.07,4,32,1,0,0,0,5,1
7.29,4,34,1,1,0,1,2,1
8.54,3,22,0,0,0,1,2,0
5.44,5,40,1,0,0,1,2,1
9.86,0,0,0,0,0,0,1,0
5.48,1,8,0,0,0,0,2,0
8.24,2,12,0,0,1,0,1,1
9.16,2,15,0,0,0,0,1,1
9.48,8,40,0,1,1,1,2,1
7.41,3,25,0,1,0,0,0,1
6.05,3,26,1,0,0,1,0,1
5.46,4,24,0,0,1,0,2,1
7.49,5,40,1,1,0,0,3,1
5.49,2,17,1,0,0,0,3,1
7.2,1,9,0,0,0,0,0,0
5.77,0,0,0,0,0,0,2,0
5.65,5,40,1,1,0,1,5,0
6.15,2,15,0,0,0,0,4,0
8.02,2,12,0,0,0,0,1,0
7.65,2,16,0,0,0,1,3,0
6.87,4,33,0,1,0,1,4,1
6.26,4,36,1,1,0,1,3,1
9.69,1,5,0,0,0,0,2,1
5.2,1,9,0,0,0,1,1,0
8.48,1,5,0,0,0,0,3,0
6.53,2,16,0,0,0,1,5,1
6.71,2,15,0,0,0,0,0,0
8.15,2,16,0,0,0,0,5,1
7.06,6,40,0,0,1,1,2,1
9.08,3,19,0,0,0,0,3,1
9.24,3,20,0,0,1,0,3,1
8.54,2,13,0,0,0,0,1,0
6.98,2,13,0,0,0,0,2,1
5.89,3,20,0,0,0,0,2,0
9.84,5,36,0,1,0,1,1,1
5.26,2,15,0,1,0,0,2,0
7.19,3,22,0,1,0,0,2,1
8.52,2,18,1,0,0,0,5,1
7.92,4,30,0,1,0,1,6,1
7.37,4,28,0,1,0,0,1,1
9.31,7,40,0,1,1,1,3,1
8.47,3,22,0,0,1,1,4,1
8.06,7,40,0,0,1,1,2,1
8.6,5,35,0,1,0,1,4,1
5.7,0,0,0,0,0,0,5,0
9.84,6,40,1,1,1,1,1,1
5.81,3,22,0,0,0,1,2,0
5.76,2,16,0,0,0,0,2,0
6.87,3,23,0,0,0,1,3,0
7.43,4,27,0,0,1,0,1,1
10.0,2,17,0,1,0,1,0,0
7.69,3,23,0,0,0,1,2,0
7.09,5,38,1,1,0,0,4,1
8.02,2,13,0,0,0,0,6,1
7.09,4,28,0,0,1,0,3,0
6.97,7,40,1,1,0,0,0,0
8.27,0,0,0,0,0,0,0,0
5.17,2,14,0,0,1,0,3,0
6.55,4,31,1,0,1,0,1,1
6.75,4,30,0,0,0,1,0,0
9.03,2,14,0,0,0,0,2,0
8.62,3,23,1,0,1,0,0,0
8.0,3,18,0,0,1,0,1,1
9.27,2,13,0,0,0,0,1,1
5.64,3,20,0,0,0,0,2,1
7.36,3,24,0,0,0,1,1,0
8.82,2,13,0,0,0,0,2,1
5.43,5,39,1,1,0,0,1,1
6.72,3,24,0,1,0,1,0,1
9.38,0,0,0,0,0,0,4,0
7.35,0,0,0,0,0,0,2,0
9.09,6,40,0,1,0,1,2,1
7.8,2,16,0,0,0,0,2,0
7.47,0,0,0,0,0,0,1,0
5.38,7,40,1,1,1,0,4,1
9.15,3,24,0,0,0,1,3,1
8.64,1,5,0,0,0,0,3,0
6.23,4,30,0,1,0,1,3,1
7.25,0,0,0,0,0,0,4,0
7.15,4,29,0,0,0,1,3,1
7.56,3,19,0,0,1,0,4,1
7.49,4,26,0,0,0,0,0,1
5.19,4,30,1,1,1,0,1,1
9.17,3,20,0,0,0,0,2,0
7.45,4,30,1,1,1,0,3,0
9.26,5,37,0,1,0,1,2,1
8.3,5,35,0,0,0,1,5,1
8.01,6,40,0,1,1,1,1,1
6.75,7,40,0,0,0,0,2,0
9.31,6,40,0,0,0,1,1,1
8.4,2,12,0,0,1,0,1,0
7.54,1,7,0,0,0,0,1,1
8.02,4,28,0,0,0,0,2,1
5.15,5,36,0,0,1,1,1,1
8.36,3,20,0,0,1,0,2,1
7.53,3,20,0,0,0,1,4,1
5.12,3,26,0,1,0,1,1,0
7.6,3,24,1,1,1,0,0,1
7.48,4,33,0,1,0,1,2,1
6.08,5,40,1,0,0,0,2,1
8.93,4,28,0,1,0,0,2,0
8.61,1,7,0,0,0,0,2,0
8.15,0,0,0,0,0,0,1,0
5.9,5,33,0,0,0,1,1,1
6.85,4,26,0,1,0,0,3,1
7.21,5,36,0,1,0,0,2,0
8.76,6,40,0,1,0,1,2,1
7.73,5,35,0,1,0,0,1,1
7.47,4,32,1,0,0,1,4,1
9.99,2,18,1,0,0,0,1,1
5.06,3,24,0,0,0,0,0,1
8.21,5,34,0,1,0,0,3,1
9.11,2,13,0,0,0,0,1,0
7.38,0,0,0,0,0,0,3,0
8.13,1,7,0,0,0,0,1,1
9.77,6,40,0,1,0,1,2,1
8.44,4,31,1,0,0,0,2,1
7.92,2,17,0,1,0,1,2,1
5.2,4,31,0,0,1,1,1,0
9.16,2,13,0,0,1,0,1,0
8.35,4,30,1,1,1,0,1,1
9.73,5,38,0,0,0,1,2,1
8.55,0,0,0,0,0,0,3,0
8.57,2,15,0,0,0,0,3,1
8.96,4,29,0,0,0,0,1,1
7.47,2,15,0,0,0,0,2,0
7.12,2,15,0,0,0,0,1,0
5.99,7,40,1,1,1,0,1,0
9.94,3,22,0,0,0,1,2,1
6.31,0,0,0,0,0,0,2,0
8.53,5,39,0,1,0,1,2,1
5.05,2,15,0,1,0,0,1,0
7.53,4,29,0,0,0,0,1,0
5.85,5,37,0,1,0,0,1,1
8.74,3,19,0,0,0,0,1,1
8.96,3,23,0,1,1,1,2,1
8.2,7,40,1,0,1,1,3,1
8.97,3,19,0,0,1,0,2,1
7.51,0,0,0,0,0,0,1,0
8.23,3,26,1,0,0,0,1,1
5.08,2,12,0,0,1,0,2,1
9.9,6,40,1,0,1,0,0,1
9.45,2,13,0,0,0,0,0,0
9.75,6,40,0,1,0,1,2,1
5.99,6,40,1,0,1,0,0,1
7.11,4,28,0,1,0,0,2,0
8.59,5,38,0,1,1,0,2,1
5.09,1,9,0,0,0,1,1,1
8.02,4,27,1,0,1,0,6,1
5.4,5,39,0,1,0,1,2,1
5.83,3,19,0,0,1,0,2,1
8.75,1,6,0,0,1,0,2,0
8.33,3,25,1,0,0,0,2,1
6.87,3,24,0,0,0,0,3,1
7.08,4,26,0,1,1,0,3,1
9.47,2,13,0,0,0,0,1,1
9.46,6,40,0,1,1,1,4,1
6.22,6,38,0,1,1,0,1,1
8.17,4,30,1,0,0,0,1,0
9.14,3,25,1,0,1,0,3,1
7.56,3,23,1,0,1,0,3,1
5.54,3,26,1,0,0,0,5,1
6.96,6,40,0,1,0,0,0,1
7.06,4,35,1,0,0,1,1,1
5.32,5,40,1,1,0,0,2,1
7.6,4,34,0,1,0,1,1,1
6.61,2,15,0,0,1,1,5,0
6.19,6,40,0,0,0,1,2,1
7.26,7,40,1,0,1,1,2,1
7.94,4,27,0,0,1,0,0,0
9.61,1,7,0,0,0,0,3,1
9.14,1,6,0,0,0,0,2,1
9.37,3,21,0,1,0,0,0,0
9.56,2,15,0,0,0,0,2,1
9.87,1,9,0,0,0,0,0,0
9.84,3,23,1,0,0,0,2,1
8.11,4,32,1,1,0,0,1,0
9.04,1,6,0,0,0,0,3,1
9.47,2,14,0,0,0,0,3,1
9.85,4,32,1,0,1,1,2,0
5.36,2,15,0,1,0,0,3,1
9.19,2,15,0,1,0,0,4,1
6.97,4,30,0,1,0,1,2,1
7.53,4,30,1,0,0,0,3,1
9.55,3,26,0,0,0,1,0,1
6.23,0,0,0,0,0,0,1,0
5.83,4,33,1,0,0,1,3,1
7.78,3,22,0,0,0,0,4,1
7.91,1,6,0,0,0,0,1,1
9.13,1,6,0,0,0,0,2,1
8.25,1,6,0,0,1,0,0,0
9.64,4,29,0,1,0,0,0,1
7.05,8,40,1,0,1,1,2,1
7.48,0,0,0,0,0,0,1,0
5.28,4,25,0,0,1,0,0,1
6.28,7,40,0,1,1,1,1,1
7.87,0,0,0,0,0,0,1,0
7.9,4,28,0,0,1,1,3,0
6.07,1,8,0,1,0,0,4,0
7.35,0,0,0,0,0,0,3,1
6.23,5,36,0,0,1,1,2,0
6.24,5,35,0,0,0,0,3,0
7.39,5,37,1,0,1,0,2,1
6.58,5,38,1,1,0,0,2,1
9.44,4,28,1,0,1,0,3,1
5.98,2,14,0,0,0,0,1,1
8.03,4,30,0,0,0,0,0,1
8.98,4,31,0,0,0,1,1,1
5.03,3,21,1,0,1,0,1,0
6.69,5,36,0,0,0,1,3,1
8.29,1,9,0,0,0,0,5,1
9.77,1,5,0,0,0,0,1,0
6.28,4,28,0,0,0,1,1,0
9.69,1,7,0,0,0,0,2,1
5.58,4,30,0,1,0,0,4,0
5.41,3,25,0,1,0,1,2,1
9.21,3,26,1,0,0,0,3,1
5.77,2,14,0,1,1,0,2,0
6.62,0,0,0,0,0,0,2,1
9.32,3,21,0,1,0,0,1,1
9.56,7,40,1,1,1,1,1,1
8.72,6,40,1,1,0,0,2,1
9.42,3,24,0,1,0,0,1,1
5.35,4,27,0,1,1,0,4,1
5.7,6,40,0,1,1,1,6,1
5.75,3,18,0,0,0,0,4,0
8.48,6,40,1,0,1,1,1,1
5.66,4,27,0,0,0,1,1,1
5.25,3,23,0,0,0,1,1,1
5.31,2,17,0,1,0,1,4,1
9.79,4,28,0,0,0,0,1,1
9.3,7,40,1,1,1,0,2,1
9.18,3,18,0,0,0,0,2,0
5.61,1,6,0,0,0,0,1,0
5.89,5,37,1,0,0,1,2,1
8.11,2,14,0,0,0,0,6,0
6.42,4,26,0,0,0,0,2,1
9.51,6,40,0,1,0,1,2,1
7.14,7,40,1,0,0,1,1,1
8.14,2,12,0,0,0,0,1,1
8.87,3,24,0,0,0,0,4,1
7.97,2,15,0,0,0,0,3,1
9.83,0,0,0,0,0,0,3,1
6.59,4,29,1,0,0,0,0,1
8.23,2,14,0,0,0,0,5,1
7.9,2,12,0,0,0,0,0,1
5.7,6,40,1,0,1,0,1,0
9.73,1,7,0,0,0,0,3,1
5.09,2,13,0,0,0,0,2,0
7.33,2,17,1,0,0,0,1,0
9.95,3,21,0,1,0,0,4,1
9.45,5,40,1,0,0,0,3,1
8.81,2,15,0,0,0,1,2,0
8.17,6,40,0,1,0,1,4,1
9.31,2,15,0,1,0,0,3,0
5.16,1,5,0,0,0,0,1,0
6.57,5,38,0,1,1,1,5,1
5.56,3,22,0,0,1,1,3,0
6.81,3,19,0,0,1,0,3,0
9.82,2,13,0,1,0,0,3,1
5.51,1,6,0,0,1,0,4,0
7.45,3,24,0,1,0,0,0,0
5.5,5,35,1,0,1,0,4,1
8.2,4,27,0,0,1,0,1,1
9.61,1,5,0,0,0,0,0,1
8.99,3,23,1,0,0,0,3,1
7.32,3,23,1,0,0,0,3,1
5.5,3,20,0,1,0,0,5,0
9.99,4,33,1,0,0,0,1,1
6.1,3,19,0,0,0,0,3,0
5.49,3,21,0,0,1,0,3,1
6.73,1,10,1,0,0,0,2,0
8.26,1,6,0,0,0,0,2,0
6.53,3,19,0,0,1,0,4,1
9.46,1,6,0,0,0,0,4,0
8.17,2,15,0,0,0,1,2,1
6.92,2,13,0,0,1,0,4,1
8.37,8,40,1,0,1,1,4,1
7.79,5,38,0,1,1,0,3,1
6.0,5,35,0,1,0,0,1,0
9.43,4,32,0,0,0,1,0,1
8.79,6,40,1,0,1,1,3,1
6.21,2,16,0,0,0,0,0,0
6.49,4,27,0,0,0,1,2,0
8.46,4,27,0,1,0,0,0,1
9.42,4,29,0,1,0,0,0,0
7.25,3,22,0,0,1,1,5,1
6.85,2,16,0,0,0,0,7,1
7.74,3,20,0,0,1,0,2,0
9.04,4,29,0,1,0,0,2,1
5.78,7,40,1,1,0,0,0,1
9.64,3,21,0,0,1,0,1,0
5.87,1,9,0,0,0,1,3,1
8.76,2,15,0,1,0,0,3,1
7.62,6,40,1,0,1,1,4,1
5.75,7,40,1,1,0,1,2,1
9.04,1,9,0,0,0,0,3,0
5.56,3,22,0,0,1,0,4,0
7.12,5,35,0,0,0,0,4,1
6.74,5,35,0,0,1,0,1,1
5.14,0,0,0,0,0,0,0,0
5.69,4,32,1,1,0,0,2,0
8.07,6,40,0,1,0,0,2,1
7.59,4,29,0,0,1,0,2,1
6.56,3,22,0,0,0,0,6,0
7.46,1,7,0,0,0,0,2,1
7.75,2,15,0,0,0,0,3,0
8.34,5,37,0,0,0,1,3,1
7.23,1,7,0,0,0,0,1,1
8.23,2,13,0,1,0,0,1,1
7.14,3,18,0,0,1,0,2,0
9.95,6,40,0,1,0,0,1,1
9.85,3,19,0,1,0,0,1,1
8.46,2,16,0,0,0,1,0,0
5.26,6,40,1,0,0,1,1,1
8.17,1,6,0,0,0,0,2,1
9.34,6,40,0,0,0,1,1,0
6.3,4,28,0,0,1,0,2,1
6.34,8,40,0,1,1,1,1,1
9.27,5,35,0,1,1,0,2,0
5.25,6,40,1,1,1,0,2,0
8.47,3,23,0,1,0,0,2,1
8.81,8,40,1,1,0,1,2,1
7.73,3,25,1,1,0,0,4,1
8.5,1,6,0,0,1,0,2,0
6.12,3,24,0,0,0,0,4,1
5.27,5,32,0,1,1,0,1,1
7.83,3,21,0,0,0,0,2,1
5.5,4,26,0,0,1,0,3,0
6.91,3,24,0,0,0,1,0,0
9.06,1,9,0,0,0,1,2,1
9.74,5,38,1,0,1,0,2,1
7.65,4,33,1,0,0,1,1,1
9.7,2,13,0,0,0,0,1,1
7.69,5,33,0,0,1,0,3,1
9.59,3,20,0,0,1,1,0,1
8.97,2,12,0,0,0,0,0,0
8.77,2,12,0,0,1,0,2,0
6.14,8,40,1,1,1,1,1,1
5.7,6,40,1,1,0,1,1,1
5.42,5,36,0,0,1,1,1,1
8.42,7,40,0,1,1,1,3,1
5.47,3,26,0,0,0,1,2,1
7.1,4,33,1,0,0,0,2,1
7.34,3,20,0,1,0,0,0,0
7.15,4,28,0,0,0,0,3,1
5.29,4,29,0,1,0,0,2,0
5.89,8,40,1,0,0,0,2,0
5.55,3,25,1,1,0,0,2,0
6.39,7,40,0,0,1,1,2,1
9.26,7,40,0,1,1,0,2,0
7.63,4,32,1,0,1,0,0,1
5.4,5,37,1,0,0,1,3,1
9.24,6,40,0,1,0,1,2,1
6.88,4,28,0,1,0,0,3,1
8.29,5,38,0,1,0,0,2,1
6.08,6,40,0,1,0,0,5,1
8.12,2,15,0,0,0,0,1,0
7.56,1,10,1,0,0,0,2,0
8.08,5,37,1,1,0,0,2,1
6.61,5,37,0,1,0,1,2,1
8.4,2,18,1,0,0,0,3,0
6.84,2,14,0,0,0,0,2,1
6.23,4,27,0,0,0,0,0,0
7.53,2,16,1,0,1,0,4,1
6.14,0,0,0,0,0,0,3,0
6.78,2,13,0,0,1,0,3,0
8.64,4,29,1,1,1,0,2,0
6.97,6,40,0,1,1,0,2,0
8.48,4,27,1,0,1,0,1,1
5.9,1,9,0,0,0,1,0,0
8.46,4,28,0,1,0,0,2,1
5.56,2,17,0,0,0,0,0,1
9.98,4,27,0,0,1,0,1,1
6.1,4,33,1,0,0,0,3,0
5.03,3,21,1,0,0,0,1,0
7.17,4,30,0,0,1,1,2,1
9.96,3,23,1,0,0,0,1,0
6.24,4,32,1,0,1,0,1,0
8.95,5,38,1,0,0,1,1,1
9.56,3,22,0,0,0,0,5,1
7.5,1,7,0,0,0,0,2,0
6.23,4,32,1,0,0,1,4,1
9.92,5,37,1,0,0,1,1,1
8.38,2,13,0,0,0,0,2,1
5.09,4,25,0,0,0,0,0,0
8.67,3,22,0,0,0,0,1,1
9.94,4,32,1,0,1,1,5,1
5.36,5,36,0,1,1,0,4,1
9.68,2,16,0,0,0,1,3,0
6.94,4,28,0,1,1,0,3,1
8.67,3,23,1,0,1,0,2,1
5.13,1,9,0,0,0,0,4,1
6.33,3,25,0,0,0,1,1,0
8.23,4,31,1,1,0,0,1,0
9.83,7,40,1,1,0,0,1,1
9.96,3,19,0,0,0,0,2,1
7.91,4,27,0,0,1,0,2,1
5.45,4,30,0,1,0,0,1,1
8.9,3,22,0,1,0,0,1,0
5.85,0,0,0,0,0,0,1,0
7.28,3,22,0,0,0,1,0,0
6.89,4,30,0,1,1,1,3,1
8.95,4,30,0,0,0,0,3,1
8.37,1,8,0,1,0,0,2,0
7.73,4,28,0,0,0,0,2,1
8.72,5,39,1,0,0,1,3,1
5.9,4,31,1,0,0,0,2,1
9.73,5,38,1,0,0,1,0,1
6.14,3,23,1,0,1,0,1,1
7.08,2,16,0,0,0,0,1,1
7.75,4,29,0,1,0,0,3,1
9.77,1,5,0,0,0,0,2,0
6.28,2,19,1,0,0,0,1,0
8.84,3,21,0,0,1,0,2,0
9.04,6,40,0,1,0,1,1,1
6.27,2,11,0,0,1,0,1,1
7.16,1,8,0,0,0,0,1,1
9.16,1,6,0,0,1,0,1,0
9.07,5,36,0,1,1,0,3,1
9.41,3,22,0,0,0,1,3,1
7.2,2,19,1,0,0,0,1,0
7.6,5,38,1,0,1,0,1,1
6.9,7,40,1,0,0,1,1,1
5.12,4,29,1,0,0,0,3,1
6.19,6,40,1,0,1,1,1,0
8.71,3,22,1,0,1,0,4,1
8.95,2,14,0,0,0,0,1,1
5.39,4,29,0,1,1,0,2,1
5.37,0,0,0,0,0,0,7,0
7.87,4,27,0,1,0,0,2,1
7.44,1,7,0,0,0,0,0,0
5.76,4,33,0,0,0,1,2,0
7.81,3,23,1,0,0,0,4,1
6.05,4,31,0,0,0,1,2,1
8.74,2,15,0,0,1,0,3,0
5.78,3,19,0,1,0,0,2,0
6.76,1,9,0,0,0,1,1,0
8.78,4,31,1,0,0,1,3,1
5.7,2,16,1,0,1,0,5,1
9.49,3,22,0,0,0,0,4,1
6.58,6,40,1,1,1,0,1,1
9.07,1,7,0,0,0,0,6,1
5.6,1,8,0,0,0,0,5,0
7.88,4,29,0,1,0,1,1,1
8.38,2,13,0,0,1,0,3,1
7.16,5,35,1,0,1,0,3,1
6.02,2,14,0,0,1,0,3,1
8.89,2,19,1,0,0,1,0,1
8.25,1,9,0,0,0,1,4,1
9.39,1,7,0,0,0,0,2,1
9.44,5,37,1,0,0,1,4,1
8.48,5,39,1,0,0,0,5,1
9.81,5,36,0,1,0,0,3,1
7.76,2,17,1,0,0,0,0,0
9.63,0,0,0,0,0,0,1,1
7.15,1,6,0,0,0,0,1,0
8.16,4,30,0,1,0,0,1,0
9.49,0,0,0,0,0,0,4,0
7.12,1,6,0,0,0,0,2,0
8.01,4,29,0,0,0,1,1,1
9.45,8,40,1,1,0,0,3,1
8.36,8,40,0,0,1,1,2,1
8.76,5,33,0,0,1,1,1,0
6.61,5,39,1,1,0,0,2,1
7.35,3,24,0,0,0,0,2,1
6.65,4,27,0,1,0,0,3,1
5.21,5,40,1,1,1,0,2,0
8.5,3,22,0,0,0,1,3,0
9.97,5,39,1,1,1,0,2,1
6.36,5,38,1,1,0,0,1,0
6.73,3,26,1,0,0,1,1,1
7.87,3,25,1,0,0,1,1,1
7.07,2,16,0,1,0,0,2,0
6.36,3,21,0,0,0,0,0,1
7.02,0,0,0,0,0,0,2,1
6.53,0,0,0,0,0,0,3,1
8.12,2,15,0,1,0,0,4,1
5.28,3,22,0,0,0,0,3,1
8.49,2,16,0,0,0,1,1,0
9.44,6,40,0,0,1,1,5,1
5.7,5,35,0,0,1,0,2,1
9.91,2,13,0,0,1,0,6,0
9.45,4,29,0,1,1,0,3,1
8.08,5,35,0,0,1,1,0,1
8.77,2,14,0,0,0,0,3,0
7.14,5,38,1,0,1,0,3,1
8.52,3,23,0,0,0,1,2,1
8.66,0,0,0,0,0,0,2,0
6.92,5,36,1,0,1,1,1,1
9.71,3,20,0,0,0,0,0,1
5.04,3,23,1,0,0,0,2,1
6.45,6,40,0,0,1,1,5,1
7.16,1,7,0,0,0,0,3,1
6.73,1,7,0,0,0,0,2,0
9.06,4,29,0,0,0,1,2,0
7.46,2,16,0,0,0,0,2,0
9.27,7,40,1,0,0,0,1,1
5.99,6,40,1,0,0,0,2,1
8.44,2,14,0,0,0,0,4,0
6.16,1,10,1,0,0,0,1,0
8.83,3,26,0,1,0,1,2,1
5.76,1,7,0,0,0,0,1,0
6.39,2,14,0,0,0,0,1,1
7.24,4,30,0,1,0,1,2,1
5.93,4,28,1,0,0,0,2,0
7.09,6,40,0,1,1,0,1,1
8.56,5,33,0,0,1,0,2,1
9.61,1,6,0,0,0,0,3,0
7.16,7,40,0,1,1,1,2,1
9.03,5,35,0,1,1,0,1,1
6.07,4,31,0,0,0,0,0,1
5.09,3,20,0,0,0,0,3,1
5.49,2,15,0,1,0,0,0,0
7.12,4,25,0,1,1,0,7,1
6.63,4,24,0,0,1,0,0,0
8.27,5,40,1,1,0,0,3,0
9.68,5,38,0,0,0,0,3,1
9.5,2,15,0,0,0,0,3,1
6.17,5,36,1,0,1,0,0,1
6.71,2,14,0,0,0,0,0,0
6.69,0,0,0,0,0,0,1,1
5.11,2,12,0,0,0,0,1,0
7.39,4,28,0,0,0,1,1,1
6.4,5,35,0,0,1,0,7,1
6.6,1,5,0,0,0,0,3,0
9.28,2,14,0,0,0,0,2,1
6.61,4,31,1,1,0,0,1,1
5.33,6,40,1,0,1,1,3,1
6.79,4,33,1,0,0,0,2,0
6.84,2,13,0,0,1,0,1,0
7.73,7,40,1,1,1,1,1,1
8.44,3,24,0,0,0,1,2,1
8.24,2,18,1,0,0,0,0,0
6.87,3,24,0,1,0,0,0,1
7.57,1,6,0,0,0,0,3,1
8.33,3,23,0,0,0,0,0,0
9.48,6,40,0,1,0,1,2,1
9.37,4,26,0,0,1,0,3,1
6.04,3,20,0,0,0,0,1,1
8.73,2,15,0,0,1,0,2,1
7.73,5,37,1,1,1,0,3,1
7.49,3,23,0,1,0,0,3,1
9.7,5,33,0,0,0,0,2,1
9.85,5,38,1,0,0,0,1,1
7.01,4,28,0,0,1,1,1,1
8.8,5,40,1,0,0,0,1,1
8.54,4,31,0,0,0,1,0,0
7.75,1,6,0,0,1,0,2,1
6.35,5,39,1,1,0,1,1,1
9.75,3,20,0,0,0,0,4,1
6.74,6,40,1,0,0,0,1,1
5.24,5,38,1,1,0,1,3,1
9.4,4,31,0,1,0,0,0,1
7.47,2,19,1,0,0,1,4,1
6.03,3,22,0,1,0,1,1,1
7.49,2,13,0,0,0,0,2,1
7.05,2,15,0,0,1,0,3,1
9.0,6,40,1,1,0,0,1,1
8.75,2,12,0,0,0,0,3,1
6.63,2,13,0,0,1,0,1,1
7.04,2,12,0,0,0,0,0,1
5.77,6,40,1,0,1,1,1,1
7.95,1,7,0,0,0,0,1,0
6.6,2,13,0,0,0,0,2,1
6.32,3,24,0,1,0,0,1,0
8.08,5,37,0,0,1,1,3,0
7.86,7,40,1,0,1,0,2,1
5.97,1,6,0,0,0,0,2,0
9.1,1,5,0,0,0,0,1,1
9.8,1,9,0,0,0,1,1,1
6.3,4,32,1,0,0,1,0,1
5.12,2,16,0,0,0,0,3,0
5.42,4,31,0,0,0,1,1,0
8.78,5,39,0,1,0,1,1,1
7.84,1,9,0,0,0,1,2,0
7.33,3,20,0,0,0,0,2,0
7.21,5,37,1,0,0,1,2,1
9.25,7,40,1,0,0,1,2,1
7.71,4,30,0,1,1,0,1,1
9.26,7,40,1,1,0,1,2,1
9.55,4,27,0,0,1,0,1,1
7.92,6,40,1,0,0,1,3,1
8.23,1,7,0,0,0,0,3,0
9.69,5,38,1,0,0,0,4,1
7.2,3,19,0,0,0,0,2,0
8.6,3,23,0,0,0,1,4,1
9.42,4,27,0,1,0,0,1,1
6.6,2,11,0,0,1,0,2,1
5.75,3,19,0,0,0,0,3,1
9.42,6,40,0,1,1,1,1,1
5.51,4,29,0,0,0,1,3,0
7.09,4,27,1,0,0,0,1,1
6.95,4,27,0,0,0,0,1,1
8.82,6,40,1,1,0,0,1,1
6.26,3,24,0,0,0,1,2,1
6.51,6,40,1,0,0,1,2,1
8.82,3,26,1,0,0,0,3,1
9.03,2,16,0,1,0,0,3,1
6.73,5,30,0,0,1,0,2,1
9.19,2,16,0,1,0,0,1,1
9.63,3,19,0,1,0,0,1,1
9.76,3,23,0,0,0,0,3,1
6.07,1,9,0,0,0,1,0,0
6.37,3,28,1,0,0,1,3,1
6.97,3,24,0,1,0,0,1,1
6.92,2,12,0,0,1,0,1,1
5.21,3,23,1,0,0,0,1,0
8.49,4,27,0,0,0,0,0,1
8.27,3,23,0,0,0,0,4,1
8.01,8,40,1,1,1,0,1,1
6.27,5,39,1,1,0,0,2,1
7.45,1,9,0,0,0,1,5,1
5.1,3,18,0,0,1,0,1,0
9.18,4,34,1,1,0,1,4,1
8.76,2,13,0,0,1,0,2,1
8.59,3,18,0,0,0,0,0,1
5.38,6,40,0,1,0,0,2,1
8.46,5,32,0,1,0,0,2,1
9.58,4,27,0,1,1,0,1,0
5.56,5,38,0,1,0,1,3,1
7.64,2,13,0,0,1,0,2,0
7.06,7,40,1,0,1,1,1,1
8.42,1,6,0,0,1,0,1,0
7.44,4,32,1,0,0,0,3,1
9.09,2,17,0,1,0,0,5,1
5.47,2,17,0,1,0,0,3,1
8.49,7,40,1,1,1,1,2,1
6.89,4,29,0,1,1,0,1,0
7.52,5,38,0,0,1,1,1,1
7.61,0,0,0,0,0,0,3,1
6.43,2,13,0,0,0,0,2,1
5.2,4,27,0,1,0,0,4,1
6.42,5,39,1,1,0,1,2,0
5.67,5,37,0,1,1,1,1,0
8.04,5,37,1,1,1,0,1,1
7.53,4,32,1,1,0,0,2,0
9.84,1,5,0,0,0,0,1,0
7.69,4,25,0,0,1,0,4,1
8.67,2,14,0,0,0,0,1,1
6.51,5,37,1,0,0,0,1,0
5.91,1,7,0,0,0,0,1,1
7.79,0,0,0,0,0,0,2,0
6.27,0,0,0,0,0,0,0,0
9.11,5,39,0,0,1,1,4,1
8.42,7,40,1,0,1,1,0,1
9.25,4,33,1,1,1,1,0,0
8.6,2,11,0,0,1,0,2,1
9.26,3,23,0,0,0,1,6,1
5.74,4,28,0,1,1,1,2,1
9.58,6,40,0,1,0,0,2,1
6.86,3,26,1,1,0,0,1,1
7.37,1,7,0,0,0,0,4,1
7.34,5,36,1,0,1,0,1,1
6.2,2,14,0,1,0,0,0,1
8.81,5,40,1,1,0,1,2,1
8.03,0,0,0,0,0,0,3,0
7.83,5,36,1,0,1,1,3,1
9.95,2,15,0,0,0,0,0,0
6.96,5,40,1,1,0,1,5,1
7.17,4,32,1,0,0,0,4,1
5.73,0,0,0,0,0,0,1,0
9.33,7,40,1,0,1,1,2,1
5.09,5,35,0,0,0,1,3,1
8.6,4,33,0,0,0,1,2,1
9.11,1,9,0,0,0,1,0,1
5.73,5,37,1,0,1,1,0,0
5.71,3,25,1,0,0,0,2,1
9.42,3,21,0,0,1,1,3,1
7.52,1,6,0,0,0,0,4,0
7.43,4,32,1,0,1,1,1,1
9.73,3,27,1,0,0,0,3,1
6.94,3,23,0,1,0,0,2,1
7.63,6,40,1,1,0,1,4,1
9.25,5,39,1,1,1,0,1,1
8.7,4,29,1,0,0,0,5,1
8.22,3,20,0,0,1,0,5,1
5.54,3,22,0,0,0,0,1,0
8.01,4,31,1,1,1,0,0,1
5.28,1,7,0,0,0,0,3,0
9.29,3,22,0,0,1,1,2,1
5.37,3,24,0,0,0,0,2,1
8.04,5,39,0,1,0,0,4,1
5.08,2,16,0,0,0,0,1,0
6.74,8,40,0,1,0,1,1,1
9.87,8,40,0,0,1,1,2,1
7.84,4,32,0,0,0,1,5,0
9.77,4,30,0,1,0,0,1,1
5.97,2,13,0,0,0,0,1,0
5.66,3,23,0,0,0,0,0,0
7.01,3,25,1,1,0,0,1,0
9.96,6,40,0,0,0,1,6,1
5.95,6,40,0,1,1,1,1,1
7.84,3,20,0,0,0,0,3,0
5.13,3,22,0,1,0,0,1,1
9.54,5,39,0,0,0,1,2,1
5.57,5,34,0,0,0,1,2,0
7.73,3,25,0,0,0,1,2,0
9.61,2,15,0,0,0,1,1,1
7.03,0,0,0,0,0,0,4,0
6.31,3,18,0,0,0,0,3,1
5.74,4,30,1,1,0,0,1,1
6.99,6,40,0,0,0,0,0,0
6.35,6,40,1,0,1,1,1,1
9.27,5,39,1,0,0,0,4,1
7.04,4,28,0,0,1,0,3,0
6.23,0,0,0,0,0,0,2,0
7.15,1,8,0,0,0,0,1,0
9.0,3,23,1,0,0,0,1,1
7.73,5,37,0,1,1,1,3,1
9.65,4,32,0,0,0,1,2,1
9.79,4,32,0,1,0,1,3,1
8.69,4,27,0,0,0,0,4,1
8.73,1,6,0,0,1,0,5,0
8.49,3,25,1,0,0,0,2,1
7.1,6,40,0,0,1,0,1,0
6.38,0,0,0,0,0,0,0,0
6.9,4,25,0,0,1,0,0,1
6.24,1,7,0,0,0,0,1,0
7.16,3,21,0,0,1,1,0,1
7.48,4,29,0,1,0,0,1,1
6.58,5,37,0,1,0,1,2,1
7.16,4,31,1,0,0,0,1,1
7.57,2,15,0,0,0,0,1,0
5.56,3,20,0,0,0,0,1,0
6.14,2,15,0,0,0,0,1,0
6.05,4,30,0,1,0,0,1,1
9.63,5,38,1,1,1,1,4,1
8.6,4,28,0,0,0,0,1,1
8.43,4,33,1,1,1,1,0,1
5.45,3,19,0,0,0,0,0,0
5.85,6,40,0,1,0,0,0,1
8.82,3,24,0,0,0,0,1,0
8.39,5,40,1,0,0,0,2,1
8.51,5,40,0,0,0,1,2,1
8.44,4,29,0,0,0,1,0,0
8.58,2,15,1,0,0,0,3,1
8.3,4,26,0,1,0,0,1,1
8.02,3,23,0,1,0,0,3,0
7.96,1,7,0,0,0,0,1,0
8.43,2,11,0,0,1,0,0,0
6.85,4,30,1,0,0,0,1,1
5.96,3,23,0,1,0,0,4,1
6.58,6,40,1,0,1,0,3,1
6.31,4,23,0,0,1,0,1,1
9.41,1,7,0,0,0,0,2,0
8.85,4,27,0,0,0,1,2,1
7.3,7,40,0,1,1,1,2,1
5.8,6,40,1,0,0,1,3,1
6.81,8,40,1,1,1,1,5,1
5.68,5,36,0,0,0,0,3,1
6.77,1,6,0,0,0,0,1,0
7.92,5,34,0,0,1,0,1,1
7.47,6,40,0,1,0,0,0,1
9.88,5,40,1,1,0,0,6,1
6.23,4,30,0,0,0,1,2,0
7.01,4,30,1,0,0,0,3,0
8.42,5,32,0,0,0,0,1,1
6.78,4,29,0,0,0,1,2,1
6.68,5,40,1,0,0,1,1,1
7.68,0,0,0,0,0,0,6,0
9.24,6,40,1,0,0,0,5,1
9.56,3,25,1,0,0,0,0,0
5.63,6,40,1,0,0,1,3,1
8.75,4,30,0,1,1,1,0,0
8.87,2,13,0,0,0,0,0,0
6.28,2,18,1,1,0,0,1,0
9.41,3,24,1,0,0,0,6,1
6.39,6,40,0,0,0,0,1,1
6.36,5,36,1,0,0,0,1,1
7.9,1,5,0,0,0,0,0,0
9.44,6,40,1,1,0,0,2,1
6.34,3,23,1,0,0,0,5,1
8.27,2,16,0,0,0,1,0,0
9.5,4,30,1,0,0,0,3,1
5.17,3,22,0,0,0,0,0,1
7.91,4,32,1,0,0,0,4,1
9.59,3,27,1,0,0,1,2,1
9.33,5,32,0,0,1,0,0,0
7.64,5,36,0,1,0,1,0,0
5.78,6,40,0,0,1,1,1,1
5.82,5,35,0,0,1,1,5,1
8.71,3,19,0,0,0,0,1,0
5.02,7,40,1,0,1,1,0,0
8.28,4,28,1,0,0,0,2,1
9.78,3,26,0,1,0,1,3,1
5.69,2,17,0,1,0,0,3,0
5.89,8,40,1,1,1,1,1,1
5.76,0,0,0,0,0,0,3,1
6.48,2,15,0,0,0,1,1,0
9.71,4,28,0,0,1,1,2,1
5.65,2,18,1,0,0,0,0,0
8.69,6,40,0,1,0,0,6,1
7.71,2,17,0,1,0,1,2,1
8.81,7,40,1,1,0,1,1,1
5.2,3,21,0,0,0,0,2,1
7.82,5,35,0,1,0,0,5,1
7.04,3,22,0,0,0,0,2,1
9.58,6,40,0,1,0,0,2,1
6.63,2,18,1,0,0,0,7,0
7.9,3,21,0,0,1,1,2,1
6.69,3,20,0,1,0,0,0,1
5.43,4,27,0,0,1,0,3,1
6.74,4,25,0,1,1,0,3,1
6.45,6,40,0,1,1,1,2,1
8.71,3,21,0,0,0,1,3,1
5.26,7,40,0,0,1,0,4,1
7.85,5,40,1,0,1,1,0,1
5.74,1,7,0,0,0,0,1,0
7.22,3,20,0,0,1,0,2,1
9.63,4,29,1,1,1,0,2,1
5.39,0,0,0,0,0,0,1,0
8.86,5,32,0,0,1,0,1,1
5.76,0,0,0,0,0,0,2,0
8.23,8,40,0,1,1,1,4,1
7.09,4,27,0,0,0,0,1,1
7.17,2,14,0,0,0,1,3,1
6.46,6,40,0,1,1,1,1,0
7.86,1,10,1,0,0,0,1,1
7.48,4,32,1,0,0,1,2,1
5.41,4,25,0,0,0,0,1,0
7.45,5,40,1,1,0,1,3,1
7.86,2,15,0,0,0,0,2,1
8.03,2,14,0,0,0,0,1,0
8.43,4,32,1,1,0,0,1,1
9.39,3,23,1,0,1,0,2,0
7.24,6,40,0,1,1,0,1,1
5.68,2,16,0,0,0,1,1,0
7.42,6,40,1,1,0,0,2,1
8.0,4,27,0,1,0,0,4,1
7.29,8,40,1,1,1,0,2,1
5.27,5,38,1,0,0,0,3,1
6.87,4,29,0,0,1,1,2,1
6.06,4,28,0,0,1,0,2,0
6.83,6,40,1,1,1,0,4,1
8.24,6,40,1,0,0,1,2,1
5.36,3,23,0,0,0,0,0,0
8.38,1,6,0,0,0,0,4,1
6.17,6,40,0,1,1,1,2,1
7.95,3,25,1,1,0,0,0,0
9.77,5,35,0,1,0,0,2,1
6.78,3,20,0,0,0,0,2,1
7.65,8,40,1,1,1,1,3,1
7.57,1,8,0,1,0,0,2,1
6.81,1,7,0,0,0,0,1,0
9.54,7,40,0,0,1,1,3,1
7.88,7,40,1,1,1,0,1,1
8.99,4,30,0,1,0,0,1,0
6.81,3,20,0,0,1,0,0,0
8.75,2,12,0,0,0,0,1,0
9.51,6,40,1,1,0,0,0,1
8.16,5,37,1,0,0,0,2,1
9.74,4,31,1,0,0,1,2,1
8.78,5,37,0,0,0,1,0,0
6.57,2,15,0,1,0,0,6,1
5.58,7,40,0,0,1,1,0,1
8.46,0,0,0,0,0,0,1,0
9.83,5,36,1,1,0,0,0,1
5.21,4,29,0,0,1,0,2,0
9.15,3,24,1,1,1,0,1,1
6.96,4,29,0,0,1,1,3,0
9.25,4,29,1,0,1,0,1,0
9.31,0,0,0,0,0,0,6,0
7.77,3,22,0,0,0,0,1,0
5.12,3,24,0,1,0,1,1,1
8.33,3,26,1,0,0,0,2,0
6.42,5,36,0,1,1,1,4,1
8.26,3,24,0,0,0,0,3,1
9.39,4,29,0,1,0,1,0,0
9.27,4,31,0,1,0,1,4,1
5.43,2,14,0,0,0,0,2,0
8.69,5,36,0,1,1,0,1,1
9.57,3,26,0,0,0,1,4,1
6.78,6,40,1,0,0,1,1,1
7.98,4,25,0,0,1,0,0,0
6.41,3,23,1,0,1,0,1,0
8.01,6,40,0,1,1,0,1,1
5.56,3,20,0,0,1,0,2,0
8.11,2,14,0,0,0,1,3,1
8.8,2,18,0,0,0,1,2,1
8.95,1,9,0,0,0,1,3,1
9.23,4,30,0,1,1,0,1,1
9.0,2,12,0,0,1,0,4,1
7.32,6,40,0,0,1,1,0,1
5.26,3,18,0,0,1,0,3,0
6.15,7,40,0,1,1,1,5,1
9.87,1,7,0,0,0,0,4,1
5.66,5,40,1,1,0,1,2,1
8.32,1,7,0,0,0,0,2,0
7.81,3,26,1,0,0,1,3,1
6.57,5,37,1,0,0,1,1,0
6.73,3,20,0,0,1,1,4,0
9.34,2,15,0,1,0,0,1,0
9.54,2,15,0,0,1,1,2,0
9.75,7,40,0,1,1,1,1,1
5.29,6,40,1,1,0,1,2,1
9.06,1,6,0,0,1,0,4,0
7.01,4,28,1,0,0,0,0,1
7.0,3,23,0,0,0,0,4,1
5.77,3,19,0,0,0,0,1,0
7.89,2,16,0,1,0,0,2,1
7.51,7,40,1,1,0,0,1,1
7.99,5,37,1,0,0,0,3,1
7.88,6,40,1,1,0,0,0,0
9.13,4,27,0,1,0,0,1,0
7.03,2,17,0,1,0,0,0,1
8.08,3,21,1,0,0,0,1,1
9.54,4,31,1,0,0,0,2,1
6.05,6,40,1,0,0,0,4,1
8.8,4,33,0,1,0,1,1,0
9.78,4,31,1,0,0,1,1,1
5.45,6,40,1,0,0,1,1,1
9.66,3,27,1,0,0,1,3,1
9.59,2,13,0,0,0,0,3,1
7.54,1,6,0,0,0,0,3,0
6.42,4,25,0,0,0,0,0,1
9.08,5,36,0,1,0,1,1,1
9.85,4,26,0,0,0,0,5,1
9.38,0,0,0,0,0,0,3,0
7.09,1,7,0,0,0,0,1,1
5.17,3,19,0,0,0,0,1,0
5.36,2,15,0,0,0,0,0,1
9.49,1,5,0,0,0,0,0,0
6.02,5,35,1,0,1,0,2,1
6.09,4,26,0,0,0,1,1,1
6.39,5,38,0,1,1,0,3,1
8.02,2,14,0,0,0,1,1,1
8.02,2,14,0,1,0,0,4,0
8.63,2,17,0,0,0,0,1,1
5.29,3,20,0,1,0,0,3,0
8.08,2,17,1,0,0,0,2,0
5.22,0,0,0,0,0,0,3,0
6.13,3,22,0,1,0,0,4,1
5.77,5,36,1,1,1,0,2,1
7.81,5,39,1,1,1,0,2,1
5.86,0,0,0,0,0,0,4,0
8.41,8,40,1,1,1,1,2,1
6.33,1,8,0,1,0,0,2,0
7.49,7,40,1,0,0,1,2,1
9.67,3,22,0,1,1,0,0,1
8.51,4,27,0,0,0,0,1,1
6.48,6,40,1,0,0,1,2,1
7.07,3,20,0,0,0,1,0,0
8.05,4,32,1,0,0,0,3,0
9.52,4,29,0,0,0,1,1,1
7.27,6,40,1,1,0,0,1,1
6.03,7,40,0,1,1,0,3,1
5.39,4,29,0,0,0,1,1,0
7.76,3,22,0,1,0,0,2,1
8.65,1,6,0,0,1,0,2,0
8.63,3,20,0,0,0,0,1,0
7.05,6,40,1,1,0,1,1,1
8.51,4,29,0,0,0,0,1,1
5.67,4,29,0,0,1,1,2,1
8.64,3,24,0,1,0,0,1,1
5.69,4,30,0,0,0,1,0,0
8.9,5,38,0,0,0,1,1,1
7.47,3,22,0,1,0,0,0,1
9.42,1,7,0,0,0,0,0,0
9.25,0,0,0,0,0,0,2,0
9.59,1,6,0,0,1,0,5,1
6.86,5,36,0,1,0,1,1,1
5.57,1,9,0,0,0,1,1,0
7.15,4,31,1,0,1,0,2,1
8.07,1,10,1,0,0,0,3,0
6.95,3,21,0,0,0,0,0,1
9.56,1,7,0,0,0,0,2,1
7.12,4,29,1,0,1,0,1,0
9.24,0,0,0,0,0,0,2,1
8.79,1,6,0,0,1,0,1,0
9.71,4,30,1,0,0,1,0,1
8.53,5,37,1,0,1,0,3,1
6.0,7,40,1,0,1,1,5,1
6.97,5,34,0,1,1,0,1,0
7.0,4,27,0,1,0,0,1,1
7.35,4,28,0,0,0,0,3,0
7.88,3,20,0,0,0,0,3,0
8.87,3,21,0,0,0,0,2,1
6.77,6,40,1,0,0,0,3,1
5.83,0,0,0,0,0,0,3,0
9.15,5,36,0,0,1,1,3,1
7.38,0,0,0,0,0,0,0,0
9.24,5,39,1,0,1,1,1,1
7.08,5,36,0,1,0,0,1,1
8.06,3,18,0,0,0,0,1,0
6.82,3,25,0,1,0,0,0,0
8.95,7,40,1,0,0,1,1,1
6.79,5,33,0,0,1,0,4,1
6.71,5,37,0,0,1,1,5,1
9.88,2,17,0,0,0,1,4,0
7.75,4,30,1,0,0,0,3,1
9.03,7,40,1,0,0,1,4,1
9.76,1,8,0,0,0,0,4,0
5.91,4,28,0,0,0,0,6,1
6.87,4,32,1,0,0,0,2,0
9.2,3,23,0,0,0,0,4,1
5.81,6,40,1,1,0,0,2,1
5.84,6,40,0,1,0,1,1,0
6.63,3,23,1,0,1,0,2,1
7.08,5,38,1,0,0,1,2,1
5.64,5,35,0,0,1,1,2,0
7.93,5,35,0,0,0,0,2,1
9.72,1,8,0,1,0,0,3,1
5.39,4,29,0,1,0,1,4,0
6.98,1,9,0,0,0,0,2,1
7.43,2,11,0,0,0,0,2,0
9.61,4,33,1,0,1,0,2,1
7.11,3,20,0,0,0,0,0,0
8.53,4,30,0,0,0,0,0,0
9.47,1,7,0,0,0,0,3,1
7.42,4,30,0,0,0,0,0,0
9.88,8,40,1,0,1,0,4,1
7.58,8,40,1,1,0,1,3,1
6.63,5,37,0,0,0,1,1,1
5.18,7,40,0,0,1,1,3,1
8.58,4,29,0,1,0,0,1,0
9.9,7,40,1,0,1,0,2,1
5.46,6,39,0,0,0,0,4,1
7.33,4,29,0,0,0,1,1,1
5.99,0,0,0,0,0,0,1,1
9.14,6,40,1,0,0,0,2,0
5.05,7,40,1,1,0,1,2,1
7.63,5,33,0,1,0,0,2,1
9.96,4,32,1,1,0,0,1,1
8.47,4,32,1,0,0,0,2,1
6.09,5,40,1,1,0,0,6,1
5.11,5,36,0,1,1,0,1,1
8.4,3,23,0,0,0,1,4,1
9.43,2,19,1,0,0,1,3,1
6.82,8,40,1,1,1,0,0,1
7.01,5,37,0,0,0,0,3,1
9.35,2,15,0,0,0,0,2,1
8.72,4,26,0,1,0,0,5,1
9.92,4,28,0,1,0,0,0,0
7.82,4,30,0,1,0,0,1,1
9.85,2,17,0,0,0,0,1,1
6.29,4,28,0,0,1,0,2,1
8.45,1,6,0,0,0,0,1,1
6.18,4,28,0,0,1,0,5,0
5.76,3,19,0,1,1,0,2,1
8.85,0,0,0,0,0,0,3,1
8.34,3,21,0,0,1,0,1,0
9.99,5,32,0,0,0,0,3,1
7.74,6,40,1,0,0,0,2,1
6.69,5,36,0,0,0,0,1,1
9.35,4,29,0,0,0,0,1,1
8.86,6,40,0,0,1,1,0,1
8.41,4,29,0,1,0,0,4,1
5.51,2,15,0,0,0,0,3,1
6.43,0,0,0,0,0,0,5,0
6.53,5,35,0,1,1,0,1,1
5.75,7,40,1,0,0,1,1,1
9.12,1,6,0,0,1,0,2,0
6.7,1,7,0,0,0,0,0,0
6.31,2,14,0,0,0,0,3,0
6.57,3,23,0,0,0,1,1,0
5.55,6,40,0,1,1,0,0,0
7.84,2,13,0,0,0,0,2,0
8.42,4,31,0,1,0,0,0,1
6.36,5,36,0,1,0,0,1,0
5.6,3,26,1,0,0,0,1,0
8.24,3,24,0,0,0,1,3,1
9.07,4,28,0,0,1,1,3,1
5.66,3,22,0,0,1,1,3,0
8.82,1,8,0,1,0,0,4,1
8.92,3,24,0,1,0,1,4,1
8.86,5,35,0,1,1,0,3,1
9.65,5,37,1,1,1,0,3,1
9.36,0,0,0,0,0,0,2,0
5.79,5,39,0,0,0,1,2,1
8.16,2,13,0,0,0,0,2,1
7.3,4,33,1,0,0,1,3,1
8.21,4,32,0,1,0,1,1,1
9.47,5,34,0,1,1,1,2,1
5.6,4,27,0,0,0,1,2,0
6.97,5,39,0,1,0,1,2,1
8.89,5,32,0,1,1,0,4,1
5.53,5,33,0,0,1,0,0,0
7.39,7,40,1,1,0,0,1,1
7.5,3,20,0,0,0,0,2,0
5.25,5,40,1,0,0,0,5,1
7.51,2,16,0,0,0,0,2,0
8.72,4,31,1,0,0,0,3,1
9.51,4,34,1,1,0,1,0,1
7.74,4,33,1,1,1,0,2,1
8.58,1,6,0,0,0,0,2,0
5.84,5,37,1,0,1,1,3,0
7.2,4,27,0,0,1,0,2,1
5.32,2,18,1,0,0,0,3,1
5.92,5,35,0,0,1,0,5,1
9.94,3,21,0,1,0,0,1,0
5.77,3,22,0,0,0,0,2,1
9.11,3,23,1,0,1,0,3,1
9.5,3,23,0,1,0,0,0,1
9.85,5,38,1,0,1,1,1,1
7.17,2,17,0,1,0,0,1,0
8.63,3,24,1,1,0,0,3,1
8.99,7,40,0,0,1,1,4,1
7.67,5,39,1,1,1,0,4,1
5.87,4,26,0,0,0,0,0,0
7.38,4,26,0,0,0,0,0,1
7.71,5,37,1,0,0,1,5,1
5.82,2,14,0,0,0,0,2,0
8.4,2,11,0,0,1,0,2,0
8.76,3,19,0,0,0,0,1,1
7.45,2,14,0,0,0,0,2,1
6.07,2,16,0,0,0,1,2,0
7.75,4,30,0,0,0,1,0,0
9.15,7,40,0,0,1,1,2,1
7.57,5,37,0,0,1,1,5,1
8.27,3,22,0,0,0,0,1,0
6.38,1,7,0,0,0,0,4,0
6.51,7,40,0,0,1,0,6,1
5.61,3,23,0,1,0,0,2,0
6.9,5,33,0,1,1,0,2,0
6.62,4,24,0,0,1,0,1,1
5.3,2,15,0,1,0,0,0,0
5.31,1,9,0,0,0,1,3,0
5.79,4,25,0,0,1,0,4,1
9.04,1,5,0,0,0,0,2,0
8.84,3,21,0,1,0,0,1,1
8.65,2,12,0,0,1,0,2,0
8.67,2,12,0,0,0,0,3,1
8.96,2,13,0,0,0,0,3,1
8.42,4,28,0,0,1,1,3,1
8.28,4,29,0,1,1,0,4,1
6.28,2,15,0,0,0,0,3,1
5.43,2,12,0,0,0,0,1,0
5.22,5,35,0,0,0,0,3,1
8.67,5,39,0,1,0,1,0,0
6.07,8,40,1,0,1,1,1,1
5.97,3,21,0,0,0,0,1,0
9.07,5,32,0,1,1,0,4,1
9.09,0,0,0,0,0,0,2,0
8.86,2,15,0,0,0,0,0,0
8.27,1,5,0,0,0,0,2,0
7.56,3,23,0,0,0,0,2,1
7.97,6,40,1,1,0,0,0,1
7.0,5,37,1,0,1,1,0,1
5.51,5,35,0,1,0,0,3,1
8.07,4,32,1,0,0,1,2,1
6.12,2,12,0,0,0,0,2,0
9.34,1,8,0,0,0,0,4,1
5.81,3,23,1,0,1,0,3,1
9.68,3,23,0,1,0,0,5,1
9.66,4,27,1,0,0,0,5,1
9.81,3,20,0,0,0,0,8,1
9.6,3,22,0,1,0,1,2,1
5.31,2,17,0,1,0,0,3,0
6.68,3,21,1,0,0,0,1,0
5.53,4,27,0,0,0,0,1,0
7.43,5,38,1,0,1,1,2,1
9.42,1,7,0,0,0,0,1,1
8.35,3,21,1,0,0,0,4,1
5.24,7,40,1,1,1,0,2,1
8.96,2,14,0,0,0,0,1,0
9.0,2,13,0,0,1,0,3,0
8.47,2,12,0,0,0,0,3,1
8.93,3,22,0,0,1,1,2,1
9.51,5,38,1,0,1,1,3,1
5.4,4,32,1,0,1,1,2,1
8.08,3,18,0,0,0,0,0,1
6.29,0,0,0,0,0,0,0,0
7.2,1,9,0,0,0,0,4,0
5.25,6,40,1,1,0,0,4,1
9.07,4,27,0,0,1,0,3,1
5.17,1,8,0,0,0,0,4,0
8.26,3,21,0,0,0,1,4,1
5.74,7,40,1,1,0,1,2,0
5.49,4,27,0,0,0,1,1,1
5.89,5,36,0,1,0,1,2,0
5.33,4,28,0,1,0,0,0,0
7.52,1,7,0,0,0,0,3,0
8.67,4,28,0,0,1,0,3,1
9.75,4,34,1,1,0,0,0,1
9.07,3,24,1,0,0,0,2,1
5.49,1,7,0,0,0,0,0,0
5.89,2,13,0,0,1,0,3,1
8.75,3,21,0,0,0,0,6,1
9.79,5,32,0,1,1,0,4,1
6.63,7,40,1,1,0,0,3,1
5.09,3,20,0,0,0,0,2,1
6.12,3,21,0,0,0,0,3,0
8.45,4,25,0,0,1,0,1,0
6.0,2,14,0,0,1,0,3,1
6.06,5,39,1,1,1,1,3,1
7.2,3,18,0,0,0,0,8,1
6.77,6,40,1,0,1,0,2,1
6.51,4,28,0,1,1,0,1,1
6.82,2,16,0,0,0,0,1,0
7.76,7,40,1,1,1,0,1,1
6.17,2,15,0,1,0,0,0,0
7.57,4,25,0,0,0,0,2,1
6.45,1,5,0,0,0,0,0,0
9.46,5,40,1,1,0,0,3,1
5.99,0,0,0,0,0,0,1,1
9.32,4,28,1,0,1,0,1,1
9.36,2,11,0,0,1,0,3,1
7.2,6,40,1,0,0,1,5,1
5.64,2,15,0,0,0,1,3,0
6.29,3,22,0,0,0,0,2,0
5.96,4,31,1,0,0,0,3,1
6.72,2,16,0,0,0,0,0,0
9.65,4,32,0,1,1,1,0,1
9.76,3,22,0,1,0,0,0,1
5.0,5,36,0,1,1,1,1,0
6.0,5,36,0,0,0,1,2,1
5.11,5,33,0,0,0,1,3,0
6.78,2,18,1,0,0,0,2,1
7.91,6,40,0,0,1,0,1,1
9.38,3,23,0,1,0,0,1,1
9.68,0,0,0,0,0,0,4,1
7.65,5,37,0,0,1,1,4,1
8.4,3,23,0,0,0,1,0,1
6.3,0,0,0,0,0,0,5,0
8.93,3,20,0,0,0,0,1,1
9.75,2,14,0,0,0,0,1,0
8.19,3,24,1,0,0,0,1,0
8.2,5,37,1,0,0,0,3,1
8.53,7,40,1,0,0,0,3,1
6.77,7,40,1,1,1,1,1,1
8.12,3,23,0,0,0,1,2,1
6.4,0,0,0,0,0,0,2,0
6.19,5,37,0,1,1,1,3,0
5.8,4,27,0,0,1,0,3,1
5.46,1,8,0,0,0,0,5,1
6.9,5,37,0,1,0,1,4,1
6.1,3,20,0,0,1,0,1,1
6.65,5,33,0,0,1,0,2,1
9.27,2,14,0,1,1,0,4,1
8.54,3,21,0,1,0,0,2,0
8.33,4,26,0,1,1,0,6,1
5.57,6,40,1,1,1,0,2,1
7.11,3,27,1,0,0,1,1,1
6.53,6,40,0,1,0,1,3,1
9.4,3,27,1,0,0,1,1,1
5.82,5,40,1,1,0,1,3,1
6.75,0,0,0,0,0,0,0,0
8.41,3,23,0,1,0,0,3,1
7.93,2,13,0,0,0,0,2,0
7.23,3,19,0,1,1,0,2,0
9.86,4,27,0,1,1,0,2,1
5.59,4,26,0,0,0,0,3,1
5.63,4,32,1,0,1,1,3,0
7.13,4,28,0,1,0,0,1,1
7.01,1,6,0,0,0,0,2,0
5.78,4,31,1,1,0,0,0,0
9.97,4,30,0,1,0,0,1,1
7.33,3,21,0,1,0,0,3,1
5.76,0,0,0,0,0,0,3,0
7.66,7,40,1,1,0,1,0,1
7.69,4,31,0,1,0,1,0,0
8.83,5,35,0,1,1,1,1,1
6.66,4,30,1,1,1,0,1,1
8.05,4,30,0,1,0,1,2,1
5.95,5,36,0,1,0,0,2,1
8.58,5,37,1,0,0,1,2,1
9.11,2,16,0,0,0,1,2,1
6.85,5,38,0,1,1,1,2,1
7.74,2,18,1,1,0,0,3,1
7.72,0,0,0,0,0,0,3,1
7.66,7,40,0,1,1,1,1,1
9.1,5,33,0,1,1,0,1,1
9.9,5,40,1,1,0,0,3,1
6.98,4,30,1,0,1,0,0,1
6.44,8,40,0,1,1,1,1,1
6.89,5,33,0,1,0,0,0,1
8.8,1,6,0,0,0,0,2,1
7.7,2,18,1,0,0,0,2,1
7.87,2,15,0,0,1,1,1,1
5.33,5,39,0,1,0,1,1,1
6.2,4,27,0,0,0,0,0,0
6.78,3,22,0,0,1,0,1,1
5.07,4,29,1,0,0,0,4,0
7.54,4,29,0,0,0,0,4,1
5.97,1,10,1,0,0,0,2,1
9.56,6,40,0,1,0,1,2,1
8.7,1,10,1,0,0,0,2,0
7.84,1,6,0,0,0,0,2,0
7.55,7,40,1,1,0,1,1,1
6.4,4,26,0,1,1,0,2,0
6.38,1,6,0,0,1,0,1,1
6.11,1,7,0,0,0,0,3,0
6.61,4,31,1,0,0,1,0,1
7.61,4,26,0,1,0,0,1,1
9.25,7,40,0,1,0,0,9,1
7.12,2,13,0,0,0,0,4,1
6.62,0,0,0,0,0,0,2,0
7.49,5,36,1,0,0,0,3,1
7.68,0,0,0,0,0,0,2,0
9.67,3,21,0,0,0,1,1,1
9.88,2,14,0,1,1,0,2,0
5.35,1,6,0,0,1,0,3,0
6.69,2,14,0,0,0,0,0,0
7.35,3,25,1,1,0,0,2,0
6.72,3,22,0,0,0,1,2,0
6.1,2,14,0,0,0,0,5,0
9.54,7,40,1,1,1,1,1,1
6.82,3,19,0,1,0,0,2,0
8.58,2,15,0,0,0,0,1,1
7.15,2,15,0,0,0,0,1,1
7.36,3,22,0,0,1,1,2,0
5.17,3,23,0,1,0,1,1,0
8.96,3,23,0,0,0,1,1,1
6.09,4,31,0,1,1,1,0,0
7.98,3,21,0,0,1,0,1,1
6.96,3,26,0,1,0,1,4,1
8.67,7,40,0,1,1,0,1,1
9.73,5,37,0,0,0,1,3,1
6.7,4,33,1,1,1,1,1,0
6.64,2,16,1,0,0,0,2,1
6.45,3,22,0,1,0,0,3,1
7.16,0,0,0,0,0,0,0,0
8.67,0,0,0,0,0,0,1,0
8.12,6,40,0,1,1,0,0,1
7.84,3,21,0,1,1,0,2,1
8.34,5,32,0,1,1,0,3,1
5.38,1,9,0,0,0,0,2,0
6.29,3,24,0,1,0,1,2,1
8.59,1,6,0,0,0,0,3,0
5.21,5,39,0,1,0,1,3,1
5.64,0,0,0,0,0,0,0,1
8.82,7,40,0,0,1,1,2,1
7.89,0,0,0,0,0,0,1,0
5.51,1,7,0,0,0,0,0,0
7.23,4,26,0,1,1,0,1,1
8.13,3,25,1,0,0,0,0,1
5.62,5,40,1,1,0,1,2,1
5.81,7,40,1,1,0,1,2,1
6.37,5,34,0,0,1,0,3,1
7.99,4,23,0,0,1,0,3,1
7.3,1,8,0,1,0,0,3,1
8.04,3,21,0,1,0,0,1,0
6.45,2,15,0,0,0,1,5,1
7.17,5,38,0,1,0,1,1,1
8.91,4,29,0,0,0,1,0,1
6.1,4,27,0,0,1,1,1,0
6.51,2,17,1,0,0,0,3,0
7.07,6,40,1,1,1,1,2,0
5.4,2,11,0,0,1,0,1,1
8.8,5,33,0,0,1,0,3,1
9.9,2,13,0,0,1,0,1,1
8.41,5,37,0,0,1,1,2,1
9.13,2,15,0,0,0,0,4,0
6.73,6,40,0,1,1,1,2,0
8.01,2,12,0,0,1,0,2,1
5.33,2,15,0,0,0,0,3,1
6.47,3,25,1,0,0,1,1,1
9.53,2,13,0,0,0,0,2,0
8.01,1,6,0,0,1,0,1,0
7.19,1,7,0,0,0,0,2,1
7.18,4,28,0,1,1,0,1,0
8.85,5,37,1,0,0,1,0,0
8.24,4,26,0,1,0,0,8,1
6.67,5,40,1,1,0,0,2,1
6.88,4,28,0,0,0,0,0,1
5.13,2,18,0,0,0,1,0,0
8.36,5,36,0,1,0,1,3,1
9.99,4,31,1,0,1,0,1,0
5.65,3,23,1,0,0,0,0,0
8.64,1,9,0,0,0,0,1,1
9.99,1,10,1,0,0,0,1,0
9.5,1,8,0,0,0,0,5,1
7.17,3,24,1,0,0,1,2,1
8.41,8,40,0,1,1,1,5,1
7.49,2,11,0,0,1,0,3,0
8.32,3,19,0,0,0,0,2,0
8.77,8,40,0,1,1,0,5,1
9.85,7,40,0,1,0,1,1,1
8.54,5,33,0,0,0,0,0,1
9.79,5,36,0,1,0,0,4,1
9.75,4,24,0,0,1,0,3,1
9.71,3,21,0,1,1,0,2,1
5.21,4,28,0,0,1,1,2,1
5.45,4,31,1,0,0,0,4,0
8.47,4,27,0,0,0,0,3,1
7.52,4,29,1,0,0,0,2,1
7.07,6,40,1,1,1,0,2,1
6.67,4,30,0,0,0,1,2,0
7.06,3,18,0,0,0,0,1,0
9.1,3,17,0,0,1,0,2,0
9.56,4,28,0,0,0,1,1,0
6.75,3,25,1,0,0,0,3,1
5.16,3,26,1,0,0,1,1,1
7.1,6,40,0,1,0,1,2,1
9.9,4,28,1,0,0,0,2,1
9.79,3,22,1,0,0,0,0,1
9.49,5,33,0,0,1,1,2,1
8.56,0,0,0,0,0,0,1,0
5.24,2,16,0,0,0,1,1,0
7.39,5,40,1,0,0,1,3,1
9.49,2,19,1,0,0,0,2,1
6.9,3,23,0,0,0,1,1,1
6.61,3,24,1,0,0,0,1,0
9.51,5,36,1,0,0,0,1,1
7.02,2,16,1,0,1,0,1,0
8.38,3,25,1,0,0,0,4,1
7.1,2,14,0,0,0,1,2,0
8.02,5,36,0,1,0,1,1,1
9.48,4,27,0,0,0,0,3,1
5.29,3,21,0,1,0,0,0,0
6.97,3,18,0,0,0,0,4,1
8.38,4,27,0,0,0,1,6,1
5.58,7,40,1,1,0,0,1,0
7.95,4,27,0,0,1,0,0,0
8.07,3,23,0,0,0,0,0,0
6.9,8,40,0,1,1,1,1,1
8.54,5,38,1,0,0,1,2,1
5.76,2,13,0,0,1,0,4,1
6.0,4,30,1,0,0,0,1,1
7.79,2,13,0,0,1,0,1,1
5.2,6,40,0,0,0,0,1,1
6.49,4,32,1,0,0,0,3,1
6.25,4,28,0,0,0,0,2,1
7.83,5,35,1,1,1,0,3,0
6.65,2,11,0,0,0,0,4,0
9.58,3,24,1,0,0,0,2,0
8.73,2,12,0,0,0,0,3,1
9.49,3,23,1,0,1,0,0,0
7.73,2,13,0,0,0,0,3,0
6.64,5,35,1,1,1,0,3,1
5.78,4,31,1,0,0,1,2,1
7.18,3,20,0,0,0,0,1,0
7.13,5,37,0,1,0,1,1,0
5.39,5,40,1,0,0,1,2,1
8.24,5,36,1,0,0,0,2,1
9.48,2,11,0,0,1,0,3,1
8.24,4,29,1,0,1,0,0,1
6.48,4,30,1,0,1,0,3,1
6.07,4,30,1,0,0,0,1,1
5.51,0,0,0,0,0,0,2,0
6.68,0,0,0,0,0,0,2,0
9.47,2,14,0,0,0,0,1,0
5.83,3,22,0,0,1,0,3,0
5.98,4,29,0,0,0,1,2,1
9.11,3,20,0,1,0,0,5,1
8.73,1,7,0,0,0,0,3,0
6.9,1,9,0,0,0,1,2,0
8.99,5,40,1,1,1,0,2,1
7.66,2,16,1,0,1,0,1,1
8.88,0,0,0,0,0,0,3,0
5.83,3,24,1,0,1,0,3,1
8.62,0,0,0,0,0,0,0,1
7.9,3,23,1,0,0,0,0,0
9.68,6,40,1,0,1,0,3,1
9.4,5,32,0,0,1,0,2,1
6.76,6,40,0,1,0,1,3,1
7.9,4,31,0,0,0,0,1,0
9.49,2,13,0,0,0,0,2,1
5.65,0,0,0,0,0,0,2,0
6.58,5,35,0,0,1,0,5,1
6.39,7,40,1,1,0,0,1,1
7.49,2,14,0,0,0,0,0,0
6.57,7,40,1,1,0,1,1,0
6.59,1,7,0,0,0,0,4,0
7.97,4,33,1,0,0,0,0,1
8.67,4,28,0,1,1,0,2,1
7.61,6,40,1,0,1,1,1,1
6.05,1,7,0,0,0,0,2,0
6.67,6,40,1,1,0,1,2,1
6.91,1,7,0,0,0,0,2,0
8.15,1,6,0,0,0,0,4,0
6.84,3,19,0,0,1,0,2,1
5.18,7,40,1,0,1,1,2,1
8.43,1,10,1,0,0,0,5,0
6.82,5,39,1,0,1,1,0,1
7.15,2,13,0,0,1,0,4,1
6.75,4,30,0,1,0,1,1,1
6.5,8,40,1,0,0,1,4,1
6.35,8,40,1,0,1,0,5,1
7.79,6,40,0,0,1,1,2,1
6.92,4,33,0,0,0,1,2,1
9.13,5,34,0,0,0,0,3,1
5.63,6,40,1,1,0,1,1,0
5.34,4,28,0,0,0,1,3,0
6.34,3,22,0,0,0,0,2,1
8.0,4,30,1,0,1,0,1,1
6.43,6,40,1,1,0,1,0,1
7.01,3,23,1,0,0,0,2,1
5.87,3,23,0,0,0,0,2,0
6.08,4,31,1,0,0,0,1,0
8.2,5,38,1,0,1,0,2,1
8.6,5,39,1,1,0,0,2,1
9.56,1,7,0,0,0,0,2,1
5.03,4,31,0,1,0,0,0,0
9.86,0,0,0,0,0,0,2,0
7.81,4,24,0,0,1,0,1,1
6.97,3,27,1,1,0,1,1,0
7.66,5,33,0,0,1,0,1,1
9.38,5,38,0,0,0,1,1,1
8.33,5,40,1,1,0,1,0,0
6.87,4,31,0,1,1,0,3,1
9.85,6,40,1,1,0,1,4,1
8.12,2,13,0,0,0,0,2,0
9.73,3,25,0,0,0,1,0,1
8.94,6,40,1,1,1,1,1,1
7.95,3,23,1,0,0,0,2,0
9.74,5,36,1,0,0,0,1,1
5.38,4,28,0,1,1,1,1,0
9.01,3,27,1,0,0,0,1,1
7.37,2,12,0,0,0,0,1,0
9.98,5,40,1,1,0,1,0,1
6.84,4,31,0,0,0,0,2,1
8.72,2,19,1,0,0,0,0,0
6.11,5,36,1,0,0,0,3,1
7.22,4,29,0,0,0,0,0,1
5.44,3,20,0,0,0,0,2,0
9.29,4,30,1,0,1,1,2,1
7.82,3,24,0,1,0,1,0,0
9.41,4,31,1,1,0,0,5,1
7.03,5,40,1,1,0,0,1,1
7.17,3,19,0,0,1,0,1,0
6.46,2,15,0,0,0,0,6,1
8.8,5,34,0,1,1,0,2,1
7.77,4,33,0,1,0,1,1,1
7.82,1,6,0,0,0,0,2,0
7.91,3,20,0,1,1,0,0,1
9.02,2,12,0,0,0,0,1,1
6.6,1,10,1,0,0,0,3,0
6.23,2,13,0,0,1,0,1,0
6.65,1,7,0,0,0,0,1,0
5.12,2,16,1,0,1,0,2,0
7.9,4,32,0,0,1,1,4,1
8.8,3,21,0,0,1,1,1,1
9.09,2,12,0,0,1,0,1,1
9.78,6,40,1,0,0,0,4,1
7.94,1,7,0,0,0,0,2,0
9.09,3,20,0,0,0,0,1,1
8.81,5,37,0,1,0,0,3,1
7.7,3,22,0,1,0,0,4,0
7.63,7,40,1,1,1,1,2,1
5.03,2,12,0,0,0,0,3,1
8.98,4,30,0,1,0,1,3,1
5.02,2,19,1,0,0,0,3,1
5.53,2,15,0,1,0,0,1,1
8.39,5,37,0,1,0,1,0,1
9.02,2,16,1,0,0,0,2,1
8.37,5,35,0,0,0,0,0,0
7.95,5,34,0,1,1,0,4,1
9.04,4,27,0,0,0,0,3,1
7.29,0,0,0,0,0,0,2,0
7.86,2,16,1,0,0,0,5,1
5.12,3,18,0,0,0,0,1,0
6.21,0,0,0,0,0,0,2,0
7.06,3,26,1,1,0,0,1,1
5.67,2,15,0,0,0,0,3,0
7.09,6,40,0,1,1,1,3,1
8.53,1,9,0,0,0,1,6,1
9.43,3,21,0,0,0,1,1,1
8.24,5,39,1,1,0,0,3,1
6.38,4,27,0,0,1,1,1,1
6.95,3,20,0,0,0,0,2,1
5.41,7,40,1,1,0,0,2,1
9.12,6,40,0,0,0,0,2,1
5.61,4,28,0,0,1,0,1,1
5.62,2,14,0,0,1,0,2,0
6.67,1,7,0,0,0,0,1,0
5.28,4,25,0,0,1,0,1,1
5.68,0,0,0,0,0,0,2,0
8.84,3,24,0,1,0,1,3,1
8.13,5,35,0,1,0,0,2,1
8.9,6,39,0,1,1,0,3,1
7.98,6,40,0,1,1,0,3,1
7.41,7,40,0,1,0,1,1,0
7.65,4,31,0,1,0,1,1,1
9.54,6,40,0,0,0,1,7,1
6.75,1,6,0,0,0,0,1,0
5.79,3,20,0,1,0,0,1,1
7.31,1,8,0,0,0,0,3,0
9.06,4,30,0,0,1,0,1,1
6.44,3,26,1,0,0,0,2,1
8.54,6,40,1,0,1,1,2,1
9.79,3,19,0,0,1,0,1,0
8.05,4,28,0,0,0,0,3,1
6.37,2,13,0,1,0,0,2,0
8.86,2,15,0,0,0,0,2,1
8.94,3,26,1,0,0,1,1,0
9.86,0,0,0,0,0,0,2,0
8.33,5,35,0,0,1,0,2,1
7.78,3,24,0,1,0,1,1,0
8.46,1,5,0,0,0,0,1,0
8.85,5,31,0,0,0,0,1,1
6.26,7,40,1,0,0,1,6,1
9.11,5,33,0,1,1,0,0,1
7.18,5,33,0,0,1,0,3,1
9.81,5,39,0,0,1,1,4,1
8.12,5,38,1,1,1,0,4,1
9.68,5,36,0,0,0,1,1,1
8.33,4,32,1,0,0,0,0,1
7.8,5,40,1,1,0,0,3,1
6.67,7,40,0,0,1,0,2,1
7.58,3,21,0,0,1,1,2,1
6.88,4,29,0,1,0,0,1,1
8.21,6,40,0,1,1,0,3,1
7.33,0,0,0,0,0,0,1,0
7.6,3,28,1,0,0,1,2,1
6.83,5,36,1,0,0,0,4,1
9.32,2,11,0,0,0,0,7,1
5.8,5,39,1,0,0,1,3,1
8.53,4,28,1,0,1,0,2,1
8.04,4,32,1,1,0,0,2,1
6.02,4,27,0,0,0,0,1,0
9.55,4,32,0,1,1,1,2,0
9.68,4,31,1,1,0,0,2,1
9.03,1,10,1,0,0,0,3,0
8.9,2,11,0,0,0,0,3,1
5.12,4,31,1,1,0,0,1,1
9.99,5,33,0,0,0,0,2,0
8.84,8,40,1,1,1,0,2,1
8.36,3,22,0,0,0,0,2,0
9.46,1,5,0,0,0,0,2,1
8.63,3,22,0,0,1,1,1,0
8.02,5,35,0,0,1,1,2,1
6.57,8,40,0,1,1,0,0,0
6.68,5,38,1,0,1,1,3,1
5.0,6,40,1,1,0,1,1,0
5.07,2,14,0,0,0,0,2,0
8.83,3,22,1,0,0,0,3,1
8.4,6,40,1,0,0,0,1,1
6.0,6,40,0,0,0,0,2,1
8.68,2,15,0,0,0,1,3,1
9.41,1,8,0,1,0,0,3,1
6.53,0,0,0,0,0,0,2,0
5.98,4,27,0,0,1,1,1,0
5.98,5,35,1,1,1,0,3,1
5.85,3,25,0,1,0,0,4,1
8.81,4,32,0,1,0,1,2,1
5.9,1,8,0,0,0,0,2,1
8.9,6,40,1,0,1,1,3,0
6.72,6,40,0,0,1,0,1,1
8.33,8,40,0,1,0,0,4,1
6.88,3,18,0,0,0,0,3,1
5.9,5,37,0,0,1,1,2,0
5.33,3,19,0,0,1,0,2,1
7.96,5,36,0,0,0,1,4,0
6.07,8,40,1,0,1,1,2,1
9.63,8,40,1,1,1,1,1,1
9.4,5,36,0,0,0,0,2,0
8.42,3,23,1,0,1,0,3,1
6.08,7,40,1,0,1,1,3,1
9.94,7,40,1,0,1,1,4,1
6.64,3,21,0,0,0,0,1,1
6.18,3,19,0,0,1,0,1,0
5.76,2,16,1,0,0,0,0,0
8.31,5,36,0,1,0,0,1,1
8.68,2,14,0,1,1,0,2,1
6.04,5,35,1,0,1,0,0,0
9.41,4,30,1,0,0,1,2,1
6.07,1,9,0,0,0,0,1,0
5.35,4,30,1,0,0,0,2,1
9.63,2,14,0,1,0,0,4,1
6.48,3,18,0,0,0,0,2,1
7.58,6,40,0,1,0,1,2,1
6.99,8,40,1,1,1,1,1,1
7.62,8,40,1,1,1,0,3,1
9.49,4,27,0,0,1,0,2,0
6.25,2,16,0,0,0,0,2,1
8.38,3,26,1,0,0,0,1,0
5.89,4,28,0,0,1,0,1,1
7.88,4,30,0,0,1,1,1,1
8.88,5,33,0,1,0,0,6,1
9.55,4,29,1,0,1,0,2,0
7.88,3,20,0,0,0,0,5,1
8.51,4,26,0,0,0,0,2,0
9.97,3,21,0,0,1,1,2,1
6.86,2,15,1,0,0,0,0,0
8.43,5,34,0,0,0,1,0,1
9.0,6,40,0,1,1,1,2,1
6.51,0,0,0,0,0,0,4,0
5.66,7,40,0,0,0,1,2,1
6.09,4,31,1,1,1,0,1,0
8.72,3,24,1,0,0,0,1,1
8.62,4,28,0,1,0,0,1,0
6.2,5,40,0,1,0,1,2,1
5.96,2,12,0,0,0,0,2,0
5.51,3,21,0,0,0,0,2,0
6.93,3,25,1,0,0,0,5,1
8.86,3,23,0,0,0,1,3,1
7.35,6,40,1,0,0,1,2,1
6.65,6,40,0,0,1,1,3,1
8.94,4,24,0,0,1,0,3,1
8.49,5,33,0,0,0,0,1,1
7.08,2,11,0,0,0,0,3,0
9.01,2,15,0,0,0,1,2,1
5.84,2,11,0,0,0,0,1,1
5.05,1,6,0,0,1,0,1,0
7.91,3,24,0,0,0,1,3,1
8.51,0,0,0,0,0,0,0,0
5.48,7,40,1,0,1,1,2,0
9.16,5,35,0,0,1,1,3,1
7.23,2,16,1,0,0,0,1,0
6.0,4,29,0,0,1,0,2,1
6.41,1,5,0,0,0,0,3,0
5.23,5,35,0,1,0,0,0,1
7.74,4,29,1,0,0,0,3,1
9.13,2,16,1,0,0,0,1,1
5.13,0,0,0,0,0,0,3,1
9.56,1,8,0,1,0,0,0,0
6.51,0,0,0,0,0,0,1,1
7.07,7,40,0,0,1,1,3,1
9.2,4,31,0,1,1,1,4,1
7.89,3,23,1,0,0,0,3,1
8.21,2,12,0,0,0,0,4,0
5.43,5,35,0,0,1,0,2,1
9.23,1,7,0,0,0,0,1,0
9.28,5,37,0,1,0,0,2,1
7.34,4,32,1,0,0,1,2,1
7.03,2,15,0,0,1,1,1,0
8.96,4,24,0,0,1,0,3,1
8.22,2,12,0,0,0,0,0,1
7.99,3,21,1,0,1,0,2,0
7.55,3,27,1,1,0,1,0,0
6.64,1,5,0,0,0,0,3,1
7.04,3,22,0,0,0,1,0,0
8.06,5,36,0,1,0,0,3,1
6.7,5,39,1,1,0,0,1,1
5.05,5,37,0,0,0,1,3,1
5.9,3,27,1,1,0,1,3,1
6.89,2,13,0,0,0,0,1,0
9.52,2,13,0,0,0,0,1,1
7.63,3,27,1,0,0,0,3,1
5.03,6,40,1,1,0,1,4,1
7.58,4,25,0,0,1,0,3,1
9.1,4,29,0,0,1,0,1,1
6.65,3,20,0,0,0,0,1,0
9.55,1,6,0,0,0,0,2,0
5.65,7,40,1,1,1,1,2,1
5.33,7,40,1,1,0,1,2,1
7.89,3,22,0,1,0,0,2,1
7.06,5,38,0,1,0,1,3,1
7.15,2,14,0,1,0,0,2,0
9.55,3,27,1,0,0,0,3,1
8.9,5,37,0,1,0,1,2,1
8.83,6,40,1,0,0,1,2,1
6.69,0,0,0,0,0,0,3,1
9.75,5,34,0,1,0,0,0,1
8.84,3,22,0,0,0,0,0,1
5.07,3,19,0,0,1,0,1,0
9.08,4,27,0,0,0,0,2,1
8.34,2,16,0,0,0,0,1,1
5.85,2,15,1,0,0,0,2,0
9.39,1,7,0,0,0,0,3,1
9.82,1,5,0,0,0,0,2,1
6.96,5,39,1,1,0,1,2,1
6.99,5,36,1,1,0,0,3,1
9.19,5,34,0,0,0,0,2,1
5.5,4,32,1,0,0,1,2,0
9.08,8,40,1,0,0,1,2,1
9.89,4,28,1,0,1,0,3,1
7.05,2,14,0,0,0,0,0,0
7.05,7,40,0,1,0,0,3,1
6.05,2,16,0,0,0,0,4,0
7.91,3,22,0,0,0,1,1,1
7.31,2,13,0,0,0,0,2,1
5.51,1,9,0,0,0,1,1,0
9.68,8,40,1,1,1,0,2,1
7.67,4,28,0,1,1,1,1,1
5.55,4,31,1,1,0,0,1,0
9.29,3,25,1,0,0,0,1,0
6.92,5,35,0,1,0,0,1,1
5.09,5,40,1,1,1,1,4,1
6.59,5,34,0,0,0,0,8,1
6.91,5,39,1,1,0,0,3,1
6.44,3,21,0,0,0,0,3,1
7.62,5,35,0,0,1,0,2,1
7.1,7,40,1,0,1,0,3,1
9.05,1,9,0,0,0,1,2,0
9.68,5,40,1,1,0,1,4,1
6.72,6,40,0,1,1,1,2,1
9.73,2,14,0,0,0,0,1,0
9.66,4,30,0,0,0,0,0,1
7.02,5,39,1,0,1,1,2,1
5.76,3,21,0,1,0,0,1,0
5.45,5,38,1,1,0,0,3,1
5.04,3,26,1,0,0,0,2,1
7.19,2,17,0,1,0,0,3,1
7.67,5,40,0,0,0,1,3,1
5.08,5,38,1,1,1,0,1,1
5.62,5,38,0,0,0,1,3,1
5.83,5,35,0,1,0,0,1,1
8.36,2,15,0,0,0,0,4,1
7.7,1,7,0,0,0,0,1,0
7.01,3,18,0,0,1,0,0,1
9.59,5,40,1,1,1,0,6,1
9.97,4,30,0,0,0,1,1,1
7.92,0,0,0,0,0,0,4,0
8.61,5,36,1,0,0,0,1,0
7.8,4,26,0,0,0,0,3,1
5.73,4,32,1,1,0,0,2,1
7.94,2,14,0,1,0,0,2,0
9.84,4,29,0,0,1,0,3,1
5.4,3,22,1,0,1,0,3,0
5.08,3,24,1,0,0,0,2,1
5.68,8,40,1,0,0,1,1,1
6.6,6,40,0,1,0,1,5,1
5.56,5,39,1,0,0,0,1,1
7.32,4,28,0,1,0,1,2,1
7.95,2,15,0,0,0,1,2,0
6.0,3,19,0,0,0,0,1,1
5.5,3,21,0,1,1,0,3,0
5.46,3,20,0,0,0,0,2,1
8.09,4,30,0,0,0,0,1,0
5.13,2,17,1,0,0,0,1,0
6.47,1,10,1,0,0,0,2,0
7.78,2,11,0,0,0,0,0,0
8.14,2,16,1,0,0,0,2,1
5.6,4,31,1,0,0,1,4,1
6.16,3,21,0,0,0,0,1,1
5.4,5,40,0,1,0,1,1,0
9.74,2,18,1,1,0,0,2,1
8.19,5,34,0,1,0,0,2,1
7.19,3,21,0,1,0,0,0,0
9.33,6,40,1,1,1,0,1,1
9.03,8,40,0,1,1,1,1,1
9.31,1,6,0,0,1,0,2,0
7.88,5,38,0,0,0,1,0,1
9.48,4,33,1,1,1,1,1,1
6.75,3,22,0,0,1,0,2,0
6.56,2,17,0,0,0,0,1,0
7.78,5,32,0,0,1,0,2,1
6.89,1,5,0,0,0,0,3,1
7.63,4,30,1,1,0,0,1,0
6.03,7,40,0,1,0,1,2,1
6.33,3,25,1,0,0,0,2,0
6.65,1,6,0,0,1,0,2,0
6.5,5,40,1,0,1,1,1,1
7.27,2,13,0,0,1,0,2,1
5.97,4,30,1,1,0,0,0,0
8.48,7,40,0,1,1,0,3,1
7.77,4,26,0,0,0,0,3,1
6.49,3,25,0,0,0,1,1,1
8.48,3,24,0,0,0,0,2,1
6.88,5,36,0,1,0,0,2,1
9.39,7,40,0,0,1,0,0,1
6.67,3,22,0,0,1,1,4,0
9.07,2,16,0,0,0,1,6,1
6.21,5,36,0,1,0,1,1,1
6.92,0,0,0,0,0,0,6,0
5.02,5,37,1,1,1,0,1,1
8.82,4,25,0,0,1,0,0,0
6.81,2,14,0,1,1,0,3,1
5.82,4,28,0,1,0,0,1,0
5.02,5,38,1,0,1,0,2,1
8.04,3,22,0,0,0,1,1,0
7.63,2,19,1,0,0,0,4,1
8.93,4,34,1,1,0,1,2,1
5.51,3,26,1,0,0,1,1,1
9.08,7,40,0,1,1,1,3,1
7.36,8,40,1,1,1,1,1,1
8.64,1,9,0,0,0,0,2,1
6.91,4,28,0,0,0,0,2,0
7.19,2,13,0,0,1,0,2,1
5.12,4,26,0,0,0,1,0,0
9.09,2,15,0,0,0,0,0,1
7.35,1,7,0,0,0,0,1,0
8.58,4,28,1,0,1,0,0,1
9.24,7,40,0,1,1,0,2,1
8.38,1,6,0,0,1,0,1,0
5.83,4,30,1,0,1,1,4,1
8.13,2,14,0,1,0,0,3,0
8.11,6,40,1,1,0,1,1,1
9.04,3,20,0,0,0,0,2,1
5.29,1,9,0,0,0,1,1,0
8.44,6,40,0,1,1,1,0,1
6.52,3,26,1,1,0,0,5,1
8.05,2,13,0,0,1,0,3,0
7.38,5,34,0,1,0,0,1,1
7.79,1,6,0,0,1,0,2,1
9.47,4,27,0,1,1,0,1,1
5.28,1,8,0,1,0,0,4,0
5.49,1,7,0,0,0,0,2,0
9.24,7,40,1,1,1,0,2,1
8.17,2,15,1,0,0,0,4,1
7.38,6,40,0,1,0,0,1,1
8.49,4,29,0,0,0,0,3,1
9.67,4,30,1,1,1,0,5,1
8.88,1,9,0,0,0,1,4,1
5.87,5,40,1,1,1,1,4,1
7.88,4,30,0,1,1,0,0,1
6.32,7,40,0,1,1,1,2,1
7.74,2,17,0,0,0,1,4,1
6.95,3,23,0,1,0,0,3,1
7.16,0,0,0,0,0,0,0,0
6.37,1,7,0,0,0,0,2,1
8.14,5,40,1,1,0,0,1,1
7.97,4,27,0,0,1,0,2,1
9.9,4,29,0,0,0,1,2,1
6.82,6,40,0,1,0,1,4,1
7.56,4,30,1,0,0,0,2,1
6.35,6,40,0,1,0,0,3,1
7.59,4,29,0,1,0,0,0,1
7.33,4,34,0,1,0,1,1,1
8.86,3,21,0,0,1,1,1,0
9.97,6,40,0,0,0,0,1,1
7.12,5,34,0,0,0,0,1,1
6.81,4,29,0,1,1,0,2,0
8.16,3,26,1,0,0,1,4,1
5.29,6,40,0,1,1,1,3,1
6.7,5,40,1,0,1,1,3,1
7.45,8,40,1,0,1,1,1,1
5.9,5,36,0,0,1,0,1,1
8.13,4,27,0,1,0,0,3,1
6.27,5,37,1,1,1,0,2,0
8.24,2,15,0,0,0,1,1,0
9.94,2,14,0,1,1,0,3,1
5.27,6,40,1,1,0,0,2,0
6.8,3,27,1,1,0,0,3,0
9.12,1,10,1,0,0,0,3,1
7.45,1,6,0,0,0,0,1,0
5.6,2,17,0,0,0,0,0,1
5.68,4,28,1,0,0,0,3,1
9.05,4,31,0,0,0,0,2,1
6.05,3,20,0,0,0,0,3,1
7.77,4,26,0,0,1,0,1,0
9.13,2,17,0,0,0,0,3,1
8.58,4,33,0,0,0,1,2,1
7.49,3,20,0,0,0,0,2,0
5.45,5,38,1,0,1,1,2,1
5.65,2,16,0,0,0,0,1,0
9.63,3,21,0,0,0,0,2,1
9.64,4,29,0,0,0,0,1,0
8.24,7,40,0,0,1,1,1,1
9.18,4,28,0,1,1,0,2,0
8.47,4,27,0,0,1,0,1,1
7.75,1,7,0,0,0,0,4,1
8.56,1,6,0,0,0,0,0,0
7.52,6,40,1,1,0,0,1,0
6.11,2,16,0,0,0,0,0,0
9.49,4,32,1,0,1,1,3,0
5.13,1,6,0,0,1,0,1,0
8.93,6,40,1,1,1,0,0,1
8.22,2,16,0,0,0,1,3,1
5.04,0,0,0,0,0,0,2,0
8.72,4,29,1,0,0,0,0,0
5.68,2,15,1,0,0,0,2,0
7.8,4,28,0,0,0,1,1,1
9.96,3,22,1,0,0,0,3,0
7.09,2,17,0,0,0,1,5,1
5.28,5,38,0,1,1,1,6,1
5.0,4,28,0,0,0,0,2,1
7.59,7,40,1,0,1,0,1,1
7.72,2,17,0,1,0,0,5,1
9.24,1,7,0,0,0,0,1,1
9.81,3,21,0,0,0,0,4,1
6.98,4,29,0,0,0,0,0,0
9.45,5,36,0,0,1,1,2,1
9.7,6,40,0,0,0,0,2,1
7.6,7,40,0,1,0,1,2,1
5.1,4,32,0,0,1,1,0,1
5.01,2,18,0,0,0,1,1,1
5.77,0,0,0,0,0,0,2,0
8.33,2,14,0,1,0,0,1,0
6.23,5,33,0,1,1,0,0,0
8.96,4,27,0,0,0,0,1,1
7.82,2,13,0,0,1,0,1,0
8.54,3,21,0,0,0,1,2,1
8.45,3,21,0,1,1,0,2,1
9.29,3,20,0,1,1,0,3,0
6.05,2,16,1,0,0,0,1,0
6.02,2,12,0,0,1,0,3,1
6.74,4,27,0,0,0,1,2,0
7.38,3,23,0,0,0,0,4,1
9.24,1,8,0,0,0,0,2,0
8.91,7,40,0,1,1,0,1,1
7.84,1,9,0,0,0,1,3,0
7.6,1,6,0,0,1,0,1,0
7.15,1,7,0,0,0,0,1,0
9.87,6,40,0,1,1,0,0,1
7.17,3,20,0,0,0,0,0,0
8.21,3,25,1,0,0,0,2,1
7.57,7,40,1,1,1,0,2,1
6.01,2,18,1,1,0,0,1,0
9.12,4,30,1,0,1,0,2,1
5.86,5,39,1,0,1,0,0,1
7.8,7,40,1,1,0,1,0,1
7.23,0,0,0,0,0,0,0,0
9.05,4,30,0,0,1,0,3,1
9.37,1,6,0,0,0,0,2,0
6.36,4,29,0,1,1,0,3,1
5.86,6,40,1,0,0,0,1,0
6.17,4,26,0,1,0,0,1,1
7.38,3,19,0,1,1,0,4,1
8.92,1,8,0,0,0,0,2,1
7.23,3,24,1,1,0,0,3,0
5.45,3,24,1,0,0,0,3,0
6.33,2,15,0,1,0,0,1,1
8.82,3,22,0,1,0,1,2,0
5.45,6,40,0,0,1,0,2,0
6.33,5,37,1,1,1,0,4,1
5.19,3,25,1,0,1,1,2,1
7.78,5,33,0,1,1,0,4,1
5.14,2,14,0,1,0,0,2,0
7.84,5,40,1,0,0,1,5,1
9.35,4,26,0,0,0,0,1,1
9.27,4,28,0,0,0,0,4,1
8.67,2,12,0,0,0,0,3,1
6.73,5,40,1,1,0,1,0,1
7.88,1,5,0,0,0,0,3,0
6.24,7,40,0,0,0,1,1,1
8.24,4,27,1,0,0,0,2,1
5.25,4,32,1,1,0,0,1,0
5.12,4,29,0,1,0,0,0,1
7.51,3,24,0,0,0,1,4,1
7.13,2,13,0,0,0,0,1,0
8.65,3,19,0,1,1,0,3,1
5.41,0,0,0,0,0,0,1,0
5.88,3,20,0,1,1,0,1,1
8.3,3,19,0,0,1,0,5,1
7.94,0,0,0,0,0,0,1,0
8.75,4,28,0,0,0,0,1,1
7.38,3,22,0,1,0,0,2,1
8.12,2,15,0,0,1,1,2,0
8.8,3,19,0,0,0,0,4,1
7.46,4,31,1,1,0,0,1,0
7.63,4,25,0,0,0,0,6,0
8.38,4,29,0,1,0,0,2,1
6.57,2,14,0,0,0,0,1,1
9.6,5,40,1,0,0,1,1,1
9.76,2,16,1,0,0,0,5,1
7.28,5,37,1,0,1,0,2,1
7.14,7,40,1,1,0,0,3,1
7.25,1,9,0,0,0,1,2,0
9.42,3,20,0,0,1,0,0,0
9.49,5,32,0,0,1,0,1,1
6.81,5,40,1,1,0,1,3,1
6.43,1,9,0,0,0,0,1,0
6.8,4,23,0,0,1,0,1,0
6.06,3,24,0,1,0,0,2,1
9.21,3,23,1,0,0,0,1,0
5.84,4,31,0,0,0,1,2,0
5.67,3,21,1,0,0,0,5,0
8.09,4,32,0,1,0,0,1,0
7.66,5,40,1,1,0,1,1,0
8.3,2,15,1,0,0,0,3,1
7.0,2,14,0,1,0,0,0,0
7.08,5,37,0,0,0,1,3,1
5.98,0,0,0,0,0,0,2,0
7.58,4,26,0,0,1,0,3,1
5.64,2,14,0,0,0,0,1,0
9.58,6,40,0,1,1,0,2,1
7.03,2,12,0,0,1,0,5,0
6.14,5,35,0,0,1,0,3,1
6.51,6,40,0,1,1,0,3,1
6.51,1,5,0,0,0,0,1,0
9.5,2,15,0,0,1,0,2,1
9.38,3,20,0,0,1,0,1,0
8.1,2,15,0,0,1,1,0,0
8.1,5,37,1,0,0,0,3,1
6.19,7,40,1,0,1,0,0,0
6.78,5,35,0,1,1,0,4,1
6.23,4,32,0,0,0,1,3,1
8.63,5,37,1,0,0,0,1,1
9.55,4,29,0,1,0,0,1,1
7.97,4,30,0,1,0,1,3,1
7.82,7,40,1,1,1,1,2,1
6.95,1,5,0,0,0,0,2,1
9.96,6,40,0,1,1,0,5,1
7.01,4,33,0,0,0,1,1,0
8.69,1,8,0,0,0,0,3,0
7.1,4,27,1,0,1,0,1,0
6.74,1,7,0,0,0,0,1,0
8.68,4,29,0,1,1,0,3,1
9.7,3,22,0,1,0,0,3,1
5.17,3,21,0,1,0,0,3,0
7.79,0,0,0,0,0,0,2,0
9.03,7,40,1,0,1,1,5,1
5.39,6,40,0,1,1,1,0,0
8.16,4,31,0,0,0,1,4,1
7.37,0,0,0,0,0,0,2,0
5.8,5,40,1,0,1,1,3,1
7.78,6,40,0,1,0,1,1,1
9.0,7,40,1,1,0,1,3,1
5.72,5,36,0,1,0,1,0,0
5.23,0,0,0,0,0,0,0,0
7.68,3,23,0,0,0,1,3,1
8.86,0,0,0,0,0,0,2,0
7.06,4,28,1,0,1,0,1,0
9.51,2,18,1,0,0,0,0,1
7.82,3,19,0,0,1,0,3,1
7.33,5,35,0,1,1,0,1,1
9.04,2,15,0,0,0,0,2,0
5.4,3,22,1,0,0,0,3,1
9.95,3,22,0,0,0,1,3,1
9.28,4,31,1,0,0,1,2,1
5.26,4,28,0,1,1,0,3,0
9.91,2,15,0,0,1,0,1,1
7.06,4,26,0,1,1,0,5,1
5.7,3,21,0,0,1,1,2,1
9.93,6,40,0,1,1,0,2,1
6.68,6,40,1,0,0,1,1,1
5.75,4,28,0,1,0,0,2,1
9.34,4,29,1,0,0,0,2,1
8.87,5,33,0,0,1,0,2,0
9.01,4,31,1,0,0,1,2,1
5.42,2,16,1,0,1,0,5,0
9.02,7,40,0,0,1,0,1,1
6.24,1,6,0,0,0,0,1,0
7.42,3,22,0,0,0,0,1,0
8.22,1,9,0,0,0,1,2,1
6.28,4,26,0,0,0,0,2,1
5.91,5,36,0,0,0,1,2,0
7.87,7,40,1,1,0,1,2,1
5.69,6,40,0,0,1,0,1,0
7.37,2,15,0,0,0,0,2,1
5.63,3,19,0,0,0,0,3,0
6.93,1,9,0,0,0,1,0,0
9.8,4,32,1,0,0,1,1,1
8.21,4,29,0,0,1,0,3,1
5.11,3,20,0,0,0,0,1,1
8.62,4,24,0,0,0,0,1,1
7.6,0,0,0,0,0,0,4,0
8.38,1,10,1,0,0,0,3,1
7.74,3,21,0,0,1,0,1,0
6.3,6,40,0,0,0,1,0,0
5.61,1,8,0,0,0,0,0,0
9.71,4,29,0,0,0,0,5,1
5.26,3,21,0,1,0,0,2,0
7.37,2,12,0,0,1,0,4,0
5.18,3,23,0,0,1,0,2,0
8.86,1,5,0,0,0,0,0,0
7.68,2,17,1,0,0,0,2,0
5.2,3,22,0,0,0,1,2,1
6.84,8,40,0,1,1,1,2,1
7.1,2,13,0,1,0,0,3,1
7.47,7,40,0,0,1,0,3,1
5.24,0,0,0,0,0,0,0,0
7.03,3,28,1,0,0,1,2,1
8.63,4,32,0,0,0,1,2,0
7.5,4,33,1,1,1,0,2,1
6.05,3,24,0,0,0,1,4,1
8.83,6,40,1,0,0,1,1,1
8.31,7,40,0,1,0,0,1,1
5.79,7,40,1,0,1,1,3,0
7.05,6,40,1,0,0,0,0,1
6.08,4,30,0,1,0,0,3,0
9.1,4,25,0,1,1,0,0,1
9.79,5,36,0,1,0,1,1,1
8.63,0,0,0,0,0,0,0,1
5.41,1,7,0,0,0,0,2,0
9.2,7,40,1,0,1,0,4,1
5.65,6,40,0,0,1,0,1,1
8.02,4,30,0,0,0,1,5,1
5.89,4,28,0,0,0,0,2,1
5.85,1,6,0,0,1,0,1,0
7.28,2,12,0,0,1,0,3,0
7.86,4,31,1,1,1,0,0,1
7.0,2,12,0,0,1,0,2,1
7.16,7,40,1,1,0,0,3,1
5.22,2,14,0,1,0,0,1,0
5.95,4,31,1,0,0,0,3,1
8.27,3,19,0,0,1,0,0,1
9.52,3,18,0,0,0,0,1,1
5.11,3,23,0,0,0,1,3,1
7.38,4,25,0,0,1,0,0,1
8.28,3,21,0,0,0,0,1,1
5.61,4,30,0,0,0,1,2,0
7.2,2,14,0,1,1,0,0,0
5.07,3,23,0,1,1,0,3,0
8.9,2,11,0,0,0,0,2,0
9.79,2,14,0,0,0,0,1,0
8.98,3,23,0,0,0,1,0,1
7.22,3,22,0,0,0,0,3,1
8.68,2,12,0,0,1,0,0,1
5.59,4,32,1,1,0,0,4,1
7.46,3,21,0,1,0,0,4,1
7.57,2,14,0,1,1,0,4,1
9.82,2,14,0,0,0,0,3,1
7.56,3,19,0,1,1,0,3,1
5.6,3,24,1,0,0,0,1,1
8.25,3,21,0,1,0,0,1,0
6.09,3,25,1,0,0,0,2,1
9.96,4,30,0,0,0,0,0,1
8.53,2,16,0,0,0,1,1,1
7.43,3,19,0,0,1,0,3,0
7.99,6,40,0,1,0,1,0,1
8.26,4,25,0,0,1,0,2,1
8.07,4,28,0,0,0,0,2,0
7.47,5,39,1,1,1,0,3,1
5.65,7,40,1,0,0,0,2,1
7.61,4,31,1,0,0,1,2,1
9.75,8,40,1,1,0,1,2,1
5.1,8,40,1,1,1,1,1,1
7.13,3,23,0,0,0,1,2,1
5.95,2,16,0,0,0,1,2,0
8.68,5,39,0,0,0,1,1,0
7.99,5,38,0,1,0,0,2,1
9.73,5,34,0,0,1,0,1,1
9.67,7,40,0,1,0,1,1,1
9.65,1,6,0,0,1,0,1,0
9.65,5,36,0,0,1,0,3,1
7.42,3,23,0,1,1,1,5,1
9.82,3,21,0,0,0,0,0,0
5.69,4,32,0,1,0,1,0,1
5.63,2,17,0,1,0,0,2,1
7.02,0,0,0,0,0,0,4,1
8.05,6,40,0,1,1,0,4,1
6.88,1,7,0,0,0,0,1,0
6.43,5,39,1,0,0,1,3,0
5.12,4,30,0,1,0,1,1,0
6.44,2,13,0,0,0,0,3,0
9.82,3,20,0,0,0,0,4,1
9.25,6,40,1,0,1,1,2,1
5.36,5,38,1,0,0,1,0,1
7.93,1,6,0,0,1,0,3,0
6.2,4,28,0,0,1,0,1,0
8.73,4,29,0,1,0,1,0,1
6.68,7,40,0,1,1,1,3,1
9.24,5,39,1,1,0,0,1,1
8.87,2,16,0,0,0,0,3,0
5.08,4,27,0,0,0,0,3,0
9.11,1,6,0,0,1,0,3,1
8.21,5,34,0,0,0,0,0,0
6.75,6,40,0,1,0,1,2,1
8.94,5,38,1,0,0,0,3,1
9.01,4,30,0,0,0,0,2,0
8.14,2,15,0,0,1,1,3,1
5.65,3,23,1,0,0,0,1,0
5.11,6,40,1,0,1,1,0,1
6.44,3,23,0,0,0,1,3,1
9.65,4,30,1,0,0,0,1,1
8.11,3,23,0,1,0,0,1,1
6.8,4,29,0,0,0,0,5,1
9.32,4,26,0,0,0,0,3,1
5.58,0,0,0,0,0,0,0,0
8.34,3,24,1,1,0,0,3,1
6.07,6,40,1,0,0,0,2,1
5.18,6,40,1,1,1,0,2,1
6.45,3,18,0,0,0,0,2,1
9.66,2,16,0,0,0,1,2,1
6.16,1,6,0,0,0,0,1,0
6.96,5,36,0,1,0,1,3,1
9.56,3,24,0,0,0,0,3,1
8.84,4,29,0,0,0,1,2,1
6.11,6,40,1,0,1,1,2,1
8.49,1,8,0,0,0,0,4,1
6.13,1,7,0,0,0,0,0,0
8.51,6,40,0,1,1,1,2,1
6.38,3,24,0,1,0,0,1,1
6.74,2,13,0,0,1,0,1,0
6.37,7,40,1,0,1,1,2,1
7.98,4,29,1,0,1,0,1,1
7.38,3,23,0,1,0,1,0,1
5.27,3,23,0,0,0,1,5,1
7.35,5,36,0,1,0,0,3,1
5.96,6,40,1,1,1,0,0,0
9.82,5,40,1,0,0,1,2,1
9.97,5,40,1,0,0,1,0,1
8.93,3,23,0,0,0,1,0,1
8.29,3,25,1,0,0,0,3,1
9.64,2,13,0,0,0,0,1,0
9.3,1,10,1,0,0,0,2,0
5.58,6,40,1,0,1,0,4,1
7.24,3,22,0,0,0,0,0,0
8.94,4,32,1,0,0,0,2,0
9.67,1,5,0,0,0,0,2,0
8.1,4,27,0,1,0,0,0,1
8.41,5,37,1,0,0,0,0,1
5.35,3,21,0,1,1,0,2,0
9.48,7,40,1,1,1,0,1,1
6.91,0,0,0,0,0,0,1,0
9.19,4,33,0,1,0,1,2,1
5.61,4,26,0,1,0,0,2,0
7.89,3,20,0,0,0,0,3,1
5.38,2,17,0,1,0,1,1,0
5.03,5,33,0,0,1,0,1,0
5.62,3,19,0,0,1,0,1,1
8.52,2,14,0,1,0,0,4,1
6.22,6,40,1,1,1,1,3,1
6.06,2,13,0,0,1,0,1,1
9.47,2,13,0,0,1,0,6,1
7.04,2,16,0,0,0,1,4,1
9.25,2,16,0,0,0,1,2,0
8.97,4,32,1,1,0,0,4,1
9.96,5,38,1,0,1,0,2,1
5.41,5,37,1,1,1,0,1,1
9.56,6,40,1,1,1,0,3,1
6.16,2,16,0,1,0,0,1,0
5.65,3,22,0,0,0,1,2,1
7.12,1,7,0,0,0,0,3,1
6.98,0,0,0,0,0,0,4,0
5.43,5,38,0,0,0,1,0,0
7.36,3,24,1,0,0,0,2,1
6.3,2,16,0,0,0,1,4,1
8.48,3,27,1,1,0,0,2,1
6.54,3,19,0,0,1,0,1,0
8.29,4,31,1,0,0,0,1,1
6.43,1,7,0,0,0,0,2,1
9.97,5,40,0,1,0,1,2,1
6.9,5,36,1,1,1,0,1,1
7.46,2,13,0,0,0,0,4,1
9.83,4,30,0,0,0,0,1,0
9.33,2,16,0,0,0,1,6,1
7.37,7,40,1,0,1,0,1,0
9.17,7,40,1,0,0,0,3,1
5.24,5,37,1,0,0,0,3,0
8.19,3,23,0,1,0,1,1,1
5.17,2,16,0,0,0,0,3,1
7.76,3,25,1,0,0,1,2,1
7.22,1,9,0,0,0,1,0,0
7.09,4,30,0,1,0,1,0,1
7.86,4,34,1,1,0,1,1,0
7.98,7,40,0,0,1,1,3,1
7.6,1,8,0,1,0,0,3,1
6.26,2,15,0,0,1,1,4,1
6.54,2,18,1,0,0,0,1,1
9.57,4,29,0,1,1,1,4,1
6.79,1,6,0,0,0,0,2,1
6.25,3,26,1,0,0,0,2,1
5.52,4,34,1,0,0,1,4,1
7.6,3,25,1,0,0,1,0,1
5.1,2,15,0,0,0,0,2,1
6.12,6,40,0,1,0,1,4,1
5.25,6,40,1,1,0,0,0,1
7.73,4,33,0,0,0,1,2,1
7.84,3,22,0,1,0,0,4,1
8.7,3,25,0,1,0,0,0,0
7.88,3,21,0,0,0,0,2,1
9.67,4,32,0,1,0,1,0,1
7.54,3,19,0,0,1,0,1,1
7.3,5,39,1,1,1,0,0,0
8.49,3,18,0,0,1,0,1,0
9.92,7,40,0,1,0,0,0,1
7.37,3,19,0,0,0,0,1,0
6.87,2,17,0,0,0,0,1,0
8.89,2,11,0,0,1,0,0,1
9.98,4,30,0,1,0,0,3,1
9.76,1,6,0,0,1,0,2,0
5.99,6,38,0,0,1,0,1,0
6.14,7,40,1,0,0,1,1,0
7.72,5,39,1,0,0,0,0,1
6.07,4,24,0,0,1,0,1,1
8.56,5,36,0,1,1,0,5,1
7.94,8,40,1,0,1,1,3,1
7.41,1,9,0,0,0,1,1,0
9.51,2,13,0,1,0,0,5,1
5.22,2,18,1,1,0,0,0,0
7.2,4,27,0,0,1,0,1,0
5.06,3,19,0,0,0,0,0,1
7.14,3,25,1,0,0,0,2,0
5.95,2,15,0,0,0,0,1,1
7.83,1,7,0,0,0,0,2,1
5.78,2,16,1,0,0,0,1,0
7.35,8,40,1,0,1,1,1,1
7.74,3,25,1,1,0,0,1,1
6.3,1,9,0,0,0,1,3,0
7.3,5,39,0,1,0,1,1,1
9.97,3,19,0,0,1,0,2,1
9.71,5,33,0,0,1,1,6,1
5.88,6,39,0,0,1,0,2,1
5.36,2,15,0,1,0,0,4,1
6.89,3,24,1,0,0,0,5,1
5.36,5,36,0,1,1,0,0,0
8.03,7,40,0,0,1,0,3,1
9.45,1,8,0,0,0,0,1,0
6.37,0,0,0,0,0,0,2,0
6.51,4,33,1,1,0,0,1,0
8.55,4,33,1,0,0,1,1,1
6.06,1,9,0,0,0,1,0,0
9.25,5,40,0,1,0,1,1,1
6.07,4,30,0,0,0,1,1,1
9.02,1,10,1,0,0,0,2,0
8.1,3,23,0,1,1,0,2,1
6.29,6,40,0,1,1,1,2,1
7.6,3,19,0,0,1,0,2,1
8.05,6,40,1,1,0,0,2,1
6.4,4,29,0,1,0,0,4,1
9.27,5,40,0,1,0,1,1,1
7.49,2,18,0,0,0,1,1,0
9.42,3,22,0,1,0,0,0,1
6.26,3,23,1,0,0,0,3,0
6.5,3,20,0,0,0,1,1,1
6.06,0,0,0,0,0,0,1,0
9.27,3,21,0,1,1,0,0,0
9.06,3,23,0,0,0,0,5,1
6.39,3,22,0,0,0,1,2,0
9.93,7,40,0,1,0,1,1,1
8.83,2,14,0,0,0,0,1,1
6.97,3,22,0,0,0,0,0,1
9.42,2,17,0,0,0,1,1,1
7.57,1,10,1,0,0,0,0,0
6.53,5,37,0,1,0,0,2,1
7.12,3,23,1,0,0,0,4,1
5.13,5,35,0,0,0,1,1,1
7.56,0,0,0,0,0,0,1,0
7.27,3,18,0,0,0,0,2,1
8.27,6,40,0,1,0,1,2,1
8.97,4,25,0,1,1,0,5,1
7.36,4,25,0,1,1,0,0,1
9.44,6,40,1,1,0,0,4,0
9.5,5,31,0,0,1,0,4,1
9.07,6,40,1,0,1,1,1,1
8.02,5,39,0,1,1,1,2,1
7.84,3,21,0,1,0,0,0,1
9.11,7,40,0,1,1,1,1,1
7.15,2,17,0,0,0,0,3,0
6.0,2,14,0,0,0,0,3,0
8.7,5,38,0,0,1,1,2,1
8.55,6,40,0,0,1,1,4,1
7.16,3,27,1,1,0,1,2,1
8.45,2,14,0,0,0,0,1,1
8.41,1,6,0,0,0,0,4,0
6.64,3,21,1,0,0,0,2,0
8.73,1,7,0,0,0,0,2,1
5.45,5,39,1,0,0,1,1,1
6.6,8,40,1,1,0,1,2,1
6.23,1,7,0,0,0,0,2,0
9.02,0,0,0,0,0,0,1,0
5.38,2,14,0,0,0,1,5,1
5.73,4,30,0,0,0,1,4,0
5.99,5,35,0,0,0,0,4,1
9.96,3,25,1,0,0,1,1,1
6.83,8,40,1,1,0,0,2,1
9.87,7,40,1,0,1,1,2,0
9.35,4,34,1,0,0,1,2,1
7.0,5,37,1,1,1,0,3,1
9.76,1,9,0,0,0,1,3,0
6.09,3,27,1,0,0,1,0,1
7.23,4,30,1,0,0,0,5,1
6.84,7,40,1,1,1,1,3,1
6.4,5,37,0,0,0,1,3,1
5.11,2,12,0,0,0,0,3,1
5.89,8,40,0,0,1,1,1,1
6.94,4,29,0,1,0,0,2,1
8.55,4,27,0,0,0,1,4,1
9.49,3,20,0,1,0,0,3,1
5.91,7,40,0,0,1,0,1,1
7.27,4,29,0,1,0,0,2,1
7.01,6,40,0,1,0,0,2,1
5.95,5,33,0,0,1,0,3,1
5.11,3,21,0,0,0,0,5,1
6.5,2,16,0,0,0,1,2,1
5.31,7,40,1,0,0,1,3,1
8.93,3,18,0,0,0,0,2,1
6.09,0,0,0,0,0,0,1,0
5.75,0,0,0,0,0,0,1,0
9.97,2,13,0,0,1,0,2,1
7.52,3,23,0,1,1,0,4,1
9.93,4,29,1,0,0,0,2,1
6.38,3,23,1,0,0,0,2,1
9.54,2,13,0,0,0,0,2,0
9.52,3,21,0,1,0,0,9,1
7.03,3,23,0,0,1,0,2,1
9.71,5,36,0,1,0,1,3,1
6.62,4,30,0,1,0,1,1,0
7.79,6,40,1,0,0,1,2,1
9.46,6,40,0,0,1,1,2,1
